Magic Stone of Moon Shade;1962
Laurite, Seven Luminaries Astrologian;1188
Typhon's Antibodies;1187
Typhon's Blood;1031
The Witch of the Fallen Kingdom;942
Geryon;919
The Origin of the Seven Lands;904
Faerur's Spell;852
Dreiwing, Mechanized Wind of Destruction;761
Look of Corruption;509
Dark Alice, Rabbit Princess;502
Gradius;498
Setting the Stage for Providence;477
Mikage Reiya;458
Magic Stone of Knowledge;427
Persephone, the Eleventh Olympian;415
Number Thirteen, Anti-Magic;391
A Flashing Smile;381
Horn of Sacred Beasts;366
Decay of the Machines;356
Attendant of Asmodeus;340
Tea Party Before the Decisive Duel;337
Melfee, Traveling Sorceress;324
Lumia, Princess of Rebirth;320
Mechanization;313
Pricia, Seeker of Friends;311
Gale of the Moon;299
The Wind of Zeus;288
Mechanized Children of Gaia;283
Fiethsing, 100 Years of Wizardry;272
Inferno;261
Mechanized Children of Chronos;260
A Part of True Power;257
Dante Enters the Game of Gods;253
Oborozuki, Vampire Astrologer;253
The Magic Stone of the Six Sages;248
Lucifer, Defeated One-Wing;243
Mechanized Fenrir;230
March of the Dead;219
Fallen Angel of Fiery Vengeance;219
Witch with a Pointy Hat;216
Phantasmal Scarlet;213
Tsuiya, Cursed Spawn of the Star;212
Echidna, Mechanized Monster;208
Guardian Dragon of the Kingdom;207
Seal of Wind and Light;200
Alice's Fantastic Trick;199
Vergilius, Rebel against Satan;197
Necronomicon Barrier;191
Rogue Spectator;191
Infinite Matchsticks;189
Black Moon-Ray;187
Conclave at Dragon Mountain;184
Gill Lapis, Vampire Guardian;183
Deathscythe, the Life Reaper;182
Loki Enters the Game of Gods;179
Zeus Enters the Game of Gods;171
The One Magic Stone;169
Typhon's Cells;168
Spirit of Decay;168
Killing Stone;164
Athenia Enters the Game of Gods;164
Hestia, the Sixth Olympian;162
Memoria of Reincarnation;161
Regalia Beast;159
Loki's Insight;158
Athena, the Seventh Olympian;157
Einsberg, Mechanized Invasion Leader;157
The Essence of Athenia's Power;156
The Final Battle;156
Aphrodite, the Tenth Olympian;153
Brunhild, Sign of Faith;150
Evil Elemental Uprising;149
Ayu, Multidimensional Wanderer;148
Ares, the Eighth Olympian;147
Deus Ex Machina Enters the Game of Gods;147
Trishula;145
Call of Darkness;145
Calamity Shield;144
Glint of Insight;142
Light of Raze and Revive;142
Dinner Time;141
Misteltein, Dark Sword Saint;137
Odin Enters the Game of Gods;135
Deeper Ones;134
Hera, the Ninth Olympian;133
Rigveda;129
Dark Alice in Ma'at;129
Awakened Magic Stone, the Earth;129
Prideful Rule;129
Mermaid's Thunder Parasol;128
The Three Tea Party Members;127
Thought Control;126
And War it Shall Be!;125
Tree of Growth;125
Mechanized Water Soldier;124
Artemis, the Fifth Olympian;123
Keez's Call;123
Poseidon, the Second Olympian;122
Magic Stone of Infinity;122
Zhuge Liang, Perfect Strategist;122
Alice Enters the Game of Gods;121
Sealed One-Eyed Dragon;121
Dark Prominence;120
Dark Sun;119
Red Wine and Bread;118
Magic Stone Research Institute;118
Pumpkin Witch;117
Apollon, the Third Olympian;116
Perceval, the Charmed Knight;116
Terminator Drone;115
Arena Expansion: Mount Othrys;115
Dispelling Stone;114
Dark Alice's Smile;114
Astema's Wrath;114
Magna and Lenneth, the Twelfth Olympians;113
Alice, Zeus Incarnate;112
Exorcist Mage at the Academy;112
Fallen Angel of Black Tears;111
Ultra Magic Stone Golem;111
Erythropia, Blood Stone;111
Hanzo, Ninja of the Moon;110
Flute, Captive Dragonoid Child;109
Gatekeeper of Vell-Savaria;109
Kaguya Enters the Game of Gods;108
Aegis;106
Magic Stone of the Ebon Home;106
The Witch of Quenched Fire;106
Improved Healing Robot;104
Deep Blue, the Phantom Board;104
This Means War!;104
The Battle Comes to an End, and Then...;104
Castle of Beatrice;103
Heavenly Instrument, Hydromonica;103
Amadeus, Holy Crystal;102
Gleipnir, the Red Binding of Fate;102
A Duet of Light;101
Typhon's Wave of Terror;101
Wings of Light and Darkness;100
Hades, the Fourth Olympian;100
The Beginning of a Fairy Tale;99
Castle of Belial;98
Magic Stone of Moon Light;96
Magic Stone Dance of Chaos;95
Kaguya's Stone of Sorrow;94
Red Riding Hood, Crimson Wolf;94
Everfrost;93
Mariabella;92
Harvesting Season;92
Night of the Legendary Vampire;92
Dracula, Reborn Vampire;91
The First Boon: Excalibur Cassius, Sword;90
Dolly, Olivia's Electric Dolphin;90
Academy Guard of Lykeion;89
Arena Expansion: Mount Olympus;88
Tama, Familiar of Holy Wind;88
Heart-to-Heart Talk;87
The Seven Deadly Sins;87
Mariabella, Sincere Engineer;87
Shiva Enters the Game of Gods;86
Deathscythe;86
Mikage Shinjuro;86
Daji, Mass-Produced Queen;86
Wall of Terror;85
Tree of Decay;85
Charlotte, Inheritor of the Seventh Power;84
The Essence of Odin's Power;84
Ragnarok's Fiery Stone;84
Knight of Knights;84
Mechanized Blade Dragon;84
Perceval, the Fascinated by Holy Grail;83
Rewriting Laws;83
Cheshire Cat, the Grinning Remnant;83
Death and Rebirth;82
Mechanized Flame Soldier;81
Black Moonbeam;80
Perfect Loki;80
Guinevere, the Mobility Queen;80
Wind of Asgard;79
Arena Expansion: Linorsphairia;78
Croco-Shark;77
Table Manners;77
The Third Boon: Persona, Magic Mask;76
Godly Aura;76
Whisper from the Abyss;75
Sacred Elf;74
Eldorado Pearlshine;74
The Last Secret Sword;74
Curse of Caduceus;73
Magna's Guardian Beast;73
Astema, the Returnee of Hatred;73
Wall of Wind;73
The Darkness of Zeus;72
Magic Stone of Atoms;72
Silmeria, Summoner of Spirits;72
Brave Force;71
Absorbing Knowledge;71
Trou, Giant of Destruction;71
Atomic Turbulence;70
Altesing's Secret Hideout;70
Scheherazade, Weaver of Fairy Tales;69
The Road to the Sacred Queen;69
Typhon's Heart;68
Welser, Master of the Six Sages;67
Void;67
Xeex the Ancient Magic;67
Choir of Fallen Angels;67
Mechanical Engineer of Ma'at;67
Isis, Heat of the Sand;66
Misty Wind Magic Stone;66
Seal of Lenneth;66
Tiny Violet;65
Soulhunt;65
Themis, Mechanized God of Law;65
Magic Stone of Tides;65
Castle of Carlina;65
Viviane, the Mechanical Fairy;65
Bloody Moon;64
The Magic Stone of the Demonic World;64
Elixir's Love;64
Dragon Flame Enters the Game of Gods;64
Revealing the Power of Salvation;63
Kaguya's Moonbeam Butterfly;63
Volmol, Snake of Knowledge;63
Amadeus, Beloved Fallen Angel;63
DeLorius, Space-Time Vehicle;63
Faurecia, Lady in Attoractia;63
Lumia, Saint of Creation;62
Magic Stone of Murky Waters;62
Planting Beans;62
Lailah, Maiden of the Swamps;62
Abhorrent Revival;62
Marybell Type Zero;62
Rukh Egg;62
Excalibur Fallen;62
Pang Tong;62
Wind Moon;61
Ominous Moon, the Lunar Sword;61
The Light of Zeus;61
The Second Boon: Tachyon, Holy Atom;61
Kusanagi Motoko, the Major;61
Deus Ex Machina, God of Machines;61
Banquet Demon;60
Bloody Break;60
Angelic Battle Barrier;60
The Holy Sword of Misteltein;59
Hunting Angel;59
Excalibur;59
Magical Arrow;59
Count Dracula;59
Kusanagi Motoko;58
Atomic Bahamut;58
Cthugha, the Living Flame;58
Lich, Immortal Saint;58
Magic Beanstalk;58
Deep Blue Soldier;57
Nyarlathotep, God Devouring Messiah;57
Dark Mage of Ma'at;57
Satan's Phantasmal Body;57
Arena Expansion: Flourishing Bone Field;57
Null Magic Stone;56
Eternal Wind;56
Satan;56
Sylvia's Burning Flame;56
Titor's Gimmick;56
The Seventh Boon: Amadeus, Holy Spear;55
The Awakening of Zero;55
Neverend, Fairy Tale Dragon;55
Umr at-Tawil, Keymaster of Outer World;55
A Voice from the Void;55
Stone from the Dark Castle;55
Ruler's Memoria;54
Charlotte, Chasing Light;54
Sniper Shot;54
The Fire of Zeus;53
Yggdrasil, Heroic Spirit of the World Tree;53
Twin Robots;53
The Flight of the Holy Sword;53
Zeus, the First Olympian;52
The Essence of Alice's Power;52
Belial;52
Imaginary Satan, Magic Crystal;52
Arthur, Space-Time Knight;52
Utgarda Loki, Giant of Darkness;52
Freed from the Altar;52
Shaka, Shiva's Successor;52
Athenia;52
Grandfather's Research Project;52
Blue Wizard (Stranger);51
Abdul Alhazred, Poet of Madness;51
Artemis, the God's Bow;51
Moan of the Dead;51
The Final Stance;50
Prideful Fire;50
The Essence of Shiva's Power;49
Athenia's Love;49
Dark Sphere of Asmodeus;49
Outer Space;49
Tiger and Dragon, Giant Futuristic Weapon;49
Alice's World;48
Dante, Fallen Angel;48
The Light of the Unknown;48
Intimidation;48
Water Kimono of Twelve Parts;48
Lancelot, the Glass Knight;48
Crystallization;47
Spinning Aquasol;47
Tales of Phantasia;47
Barrier of Shadows;47
Faurecia, the Virtuous Vampire;47
Caduceus;47
Yggdrasil, Top Tourist Destination;46
Spirit of Knowledge;46
Shadow X;46
Charlotte's Light Transformation Magic;46
Ore From the Treasure Mountain;46
Grand Cross Reincarnation;46
The World of Amadeus;46
The Distortion of Time;46
Dawn of the Earth;46
Fallen Angel of the Chasm;46
Dark Charlotte, Alternative;46
Demon of Explosions;46
Mourning Angel;46
Typhonomachy, the Final Duel;45
Attoractia, City of Verdant Green;44
The Water of Zeus;44
Ultra Dragon, Shooting Star;44
Ancient Magic Stone;44
Dragon Ore;44
Pricia's Memoria;44
Power of Immortality;44
Typhon, the Infinite Monster;44
Spirit Stone;44
Child of the Darkness Moon;44
The Essence of Nyarlathotep's Power;43
Dance of Spirits;43
The Magic of Trust and Love;43
Sacred Wave Blade;43
Sylvia Lilias;43
High Speed;43
Bastet, Creator of Cats;43
The Sixth Boon: Requiem, Jewel;43
Calico Cat Shikigami;43
Fairy of Ma'at;43
Birth of the Twin Princes;43
Heaven Sundering Dragon Palm;42
Rebirth of Flaming Disaster;42
Titor, Emissary from the Future;42
Athenia, Sealed God of the Ruins;42
Memory of Disappearance;42
Faurecia's Journey;42
Milest;41
Odin's Gloom;41
Lightning Strike;41
Knowledge From the Future;41
Ammit, Beast of Gluttony;41
The Awakening of Grusbalesta;41
Thialfi;41
Cradle of Scorching Heat;41
Sorceress of Heavenly Wind, Melfee;40
Alisaris, the Invader of God's City;40
Possession Stone;40
Pulsing Thunder;40
The Manticore;40
Defense Stance;40
Angrboda, Giant of the Setting Sun;40
Shadowy Light Magic Stone;40
Algernon, Wise Observer;40
Angel of Healing;40
Resistance of the Twelve Protective Deities;40
Awakening of the Beast Queen;39
Remains of Attoractia;39
Assault from the Demonic World;39
Magic Stone of Time;39
The Witch of Unblowing Wind;39
Pricia's Big Show;38
Pier, the Godspeed Archer;38
Heavenly Gust;38
Zero, the King's Blade;38
Gem Mallet Panda;38
Magic Stone of Purgatory;38
Crawler From Between the Cracks of Time;38
Brad, Masked Mage;38
Magical Dragon;38
Fated Reunion;38
Neo Barrier of Shadows;38
Attoractia's Memoria;37
Resuscitating Will;37
The Thunder of Zeus;37
Sigurd, the Covenant King;37
Lightning Cave;37
Regalia Break;37
Nyarlathotep, the Crimson Radiance;37
Violet, Flame of Providence Distortion;37
Burning Rush!;37
Light of Sacred Spirit;37
Arena Expansion: Valley of the Dragons;37
Don't Cheat!;36
White Garden;36
Lightning Rod Mermaid;36
Chimeric Beast of Ma'at;36
Lykeion, the Magic Academy;36
Atom in Fairytale Land;36
Cinderella, the Ashen Maiden;36
Child of the Fire Moon;36
Dragon Crystal;36
Teachings of the Moon;35
The Kingdom of Diversity, Light Palace;35
Arondight, the Nitrogen Blade;35
Schrödinger's Cry;35
Claw of the Sacred Beast;35
Lovers' Lock;35
Back to Nature;35
Wind Servant of Ragnarok;35
Schmel, Giant of Distrust;35
Mirage, Fantasy Guide;35
Magic Stone of Faith;35
Princess Kaguya;35
Athena, the Guardian of Blaze;35
Heteroclite Excalibur;35
A Duet of Darkness;35
Dante's Dark Wave;35
The Great Wall of the Twelve Sacred Knights;35
Raymond, Member of the Twelve Sacred Knights;35
Moojdart;34
Unknown Mother Goose;34
The Path We Part;34
Fiola, Spirit of Oblivion;34
Shub-Niggurath, Gatekeeper of Outer World;34
Yog-Sothoth, True Hunger;34
Belial [J-Ruler];34
Genesis;34
Angel Statue of the Tower;34
Lucifer, Leader of the Fallen Angels;34
Forest of the Lost, Misty Woods;34
Pang Tong, Awakening Phoenix;34
World Ender;34
Gravekeeper at the Academy;34
Lumia, the Fated Rebirth;33
Little Red, the Pure Stone;33
Awakening of the Winged Lord;33
Faria's Summon;33
The Essence of Deus Ex Machina's Power;33
Alice, Tales of Creation;33
Magic Stone of Nature's Beauty;33
Hegel, Giant of the Dark Sun;33
Blessing of Yggdrasil;33
Explosive Withdrawal;33
Gusting Darkness Magic Stone;33
Angel of Hope;33
The Paradise of Fallen Angels;33
Huanglong;33
The Determination of the Machine Lord;33
Order of Death and Rebirth;33
Child of the Light Moon;33
Supercalifragilisticexpialidocious Flame;33
Jupiter, Warlock of the Wood Star;32
Perceval, the Flying Knight;32
Healing Gimmick (Stranger);32
Ground and Air Supremacy;32
Claw of the Dragonoid;32
Elvish Priest;32
Arena Expansion: Sky Round v2.0;32
Blazer;32
Seal of Wind and Water;32
Arle, the Seven-Tailed Fox;32
Rei, the Black Owl;32
Loki's Deception;32
Shrine of the Dragonoids;32
Bewildering Charm;32
Jeanne d'Arc, Mad Maiden;32
Rezzard, King of the Damned;32
Sol, Envoy of Light;32
Necromancer of Ma'at;32
Asmodeus' Enchantment;32
Mikey, Jack of All Trades;32
The Essence of Kaguya's Power;31
Viola's Machinations;31
Avatar of the Will of Amadeus;31
Surging Lightning;31
Kaguya's Moonwatching;31
The Dragon Lord's Breath;31
Marybell, the Steel Doll;31
Adombrali, the Unfathomable;31
Gill Lapis, Usurper of Maddening Power;31
Kotaro, Ninja of Silence;31
Elfina, Spirit of Trials;31
Arena Expansion: Mimi Tribe Festival;31
The Mysteries of Milest;31
Child of the Wind Moon;31
Faria, Igniter of Holy Fire;30
The Essence of Dante's Power;30
Almerius;30
Firestorm;30
Selective Decapitation;30
Life Stealing Altar;30
Night Moon;30
Sparkle Fish;30
The Thunder Empress's Strike;30
Deus Ex Machina, God From Future Dimension;30
Friendly Seeking Mole;30
Dante, Fallen Angel [J-Ruler];30
Rezzard, Attoractia's Leading Doctor;30
Arthur, Knight King of the Final Act;30
Change the Heart;30
Wind of the Demonic World;30
Wings of the Archangel;29
Fairy's Memoria;29
Griphon, Racing Across Darkness;29
Deep Green Magician, Liz (Stranger);29
Lancelot, Space-Time Knight;29
Falling Into the Cracks of Time;29
Otherworld Dreams;29
Galileo, Polymath;29
Aloof Researcher's Memoria;29
Leaf Paladin;29
The Fourth Boon: Last Regrets, Black Tears;29
Hellfire of the Demonic World;29
Rachel, the Ancient Library Researcher;28
Roar of the Underground Giant;28
Nyarlathotep, the Usurper;28
Separation of Fates;28
The First Moon;28
The Transformed;28
Laevateinn;28
Thunder Wolf;28
Astema;28
Dark Sphere of Carlina;28
Kiki, Selesta's Partner;28
Nidhogg;28
Arena Expansion: R'lyeh;28
Flute's Water Dragon;28
Last Days of a Powerless Dragonoid;28
Refrain's Summoning;28
Hoelle Pig [Alternative];28
Tsukuyomi Noble;27
Miracle Millennia Medicine;27
Dinosaur Surfacing;27
Heavenly Fruit;27
Lovecraft, Dragon of Chaos;27
Epic Stone of the Blood;27
Dream of Juliet;27
The Awakening of Fiethsing;27
Surtr, the Explosion Giant;27
Foresee;27
Faith in the Darkness;27
Shiva's Flame Aura;27
White Leaf;27
Dogra Magra;27
Reunion between the Master and Pupil;27
Clockwork Girl;27
False Peace;27
Plains of Raging Winds;27
Mechanized Armored Dragon;27
Lumia, Saint of the Crimson Lotus;26
Kaguya, God of Cats and the Moon;26
A Flash From Behind;26
Magic Stone of Heat Ray;26
Valentina, Owner of the Theater;26
Magic Stone of Vaporization;26
Twin Swords of Water's Mercy (Stranger);26
Misty Dragon Spirit;26
Stone of the Dragonoids;26
Dark Sphere of Astema;26
Severing Winds;26
Permafrost;26
The Graveyard of Amadeus;26
Arla, Demonic Flying Ace;26
Flames of Nyarlathotep;26
Sprout of Treasure Tree (Stranger);26
Ouroboros, the Reincarnating Light Serpent;26
Parallel World Schrödinger;26
Strategy Meeting;26
Fallen Angel of Terminus;26
Spirit Ring;26
Miscalculation;25
The Essence of Loki's Power;25
Violet and Mariabella, Chasing Fire;25
The Road to the Undead Lord;25
Campanella, the Milky Way Moon;25
Piggy, Hoelle's Great Hero Pig;25
Epic Stone of the Dragon;25
Magic Stone of Hearth's Core;25
Beatrice's Imagination;25
Destruction of the Portal;25
Dark Sphere of Beatrice;25
Starving Beast;25
Athena, Titan of Revenge;25
Astema's Fury;25
Isis, Last of the Ascendants;25
The First Layer of the Demonic World;25
Sign to the Future;25
Chamimi, Divine Power;25
Rabbit Ninja;25
Shade, Envoy of Darkness;25
Secret Hot Spring of Sissei;25
Scheherazade's Heroic Epic;25
Mephistopheles;25
Scrap and Build;25
Angel of False Glory;25
Increase Dragon Power!;25
Shadow Strike;25
The Road to the Machine Lord;25
Shackles of Ice;24
Ancient Heartfelt Fire;24
Ayu's Swordstrike;24
Water Magic Stone;24
Barrier Seal;24
Scorching Mountain Trail;24
Astema [J-Ruler];24
Dark Sphere of Belial;24
Lunya, Master Guide;24
Charlotte's Water Transformation Magic;24
Flourishing Hope;24
Cage of Mother Goose;24
Magic Stone of Radiant Waves;24
Altesing, Mischievous Boy;24
Magic Stone Analysis;24
Alvarez, True Demon Castle;24
Discovery;24
Shiva, Providence of Nature;24
Keen Sense;24
Mage Jack;24
Shu, Ruler of Air;24
Fifth Element;24
Temple of the Dead;24
The Forest of Darkness;24
Asuka, Gravekeeper of Tsukuyomi;24
Perceval, the Holy Grail of the Black Moon;24
"The Hidden History - ""The Magic Stone War""";24
White Wizard (Stranger);23
Blazer, the Eater of Dimensions;23
Keep the Faith!;23
Sacrificial Altar;23
Antorite, the Guardian of Deep Blue (Stranger);23
Optical Camouflage;23
Amaterasu's Foresight;23
Zero, Apprentice Sage;23
Majin Dark Elf;23
Acheron, River of the Dead;23
Skycover Squirrel;23
Garmheld;23
Darksphere, Spirit of Dark Night;23
Behemoth;23
Messenger from the Spirit Village;23
Charlotte's Protector;23
Fairy of Trickery;23
The Three Beast Warriors;23
Mimi Tribe Brave;23
Jeanne d'Arc, Heroine of Shadow;23
Sylvia, Blade of the Supreme King;23
Pialle Eille, the Flaming Fist;23
Shadow of Chronos;23
Scheherazade, the Teller of Heroic Epics;23
Leaves of Yggdrasil;23
A Duet of Wind;23
Apostle of the Dragon Flame;23
Secluded Fox Village;23
Lenneth, the Dark Priestess;23
Flame Sprite;22
Athenia, Deity of Harvest and Corruption;22
Arena Expansion: Asgard;22
Loki, Master of Trickery;22
Soul Resonance;22
Tera Thunderfish;22
Azathoth, Manifestation of Death;22
Snow White of the Red Apple;22
Satan, God of the Fallen;22
Suppression Order;22
Fairy Tale Library, Alexandria;22
Illusionary Flower of Sorrow;22
Shoal Coral Stone;22
Prison in the Lunar Lake;22
Arena Expansion: Utgard;22
The Return of God;22
Arla, the Light Wing;22
Odin, Supreme God;22
Bloodspray;22
Frayla, Dark Huntress;22
End of the World;22
Cradle of Silent Earth;22
Class G's Tank;21
Groundsplitter Rabbit;21
Gretel;21
A Duet of Fire;21
Cthulhu's Intimidation;21
Undine, the Spirit (Stranger);21
Flame Trap;21
Cane of the Salamander;21
Cathedral of Armalla;21
Magic Stone of the Undead;21
Leaf Garb;21
Black Leaf;21
Thunder;21
Yggdrasil's Grace;21
Inheritor of the Stars, Gill Lapis;21
Moonbreeze Elf;21
Melder, Last of the Dead;21
Swarming Cthulhu;21
Agni, God of Rampaging Flames;21
Megaera, Jealous Fury;21
Ambushing Scorpion;21
A World Invaded;21
Violet, Atomic Automaton;20
Mosasaurus;20
Escort of the Fairy King;20
Kusanagi Motoko, in Formal Wear;20
Grusbalesta;20
Arrival of the Hero;20
Aura of the Sacred Sword;20
Play Dead;20
Nyarlathotep Doll;20
Order of the Future;20
The Monkey Trapped in Life;20
Bergelmir, Giant of Eternal Ice;20
Djinn, the Spirit of Lamp;20
Residents of the Demonic World;20
Lars, Sacred King;20
Lonely Vampire;20
Summoning of a Minion;20
Fenrir, Final Form;20
Black Rosario;20
Leaf Assassin;20
Fountain of Trials;20
Schrödinger, White Cat;20
Venus, Magus of the Metal Star;20
Reincarnation of the Holy Tree, Yggdrasil;20
Lich, the Resurrected Cleric;20
Wetlands of Magical Origin;20
Shakti, the Red Eyes Swords Master;20
Phantom Beastmaster of Ma'at;20
Carlina;20
Swamp of Sorrows;20
Amadeus, Fallen Kingdom;20
Awakening of the Undead Lord;20
Castle of Asmodeus;20
Zombie Returning From the Paramita of the Dead;20
Child of the Water Moon;20
Extract of the Fire Moon;20
Fire Fox;19
The Holy Shield of Misteltein;19
Mariabella, the Machine Hearted;19
Schrödinger;19
Faria [J-Ruler];19
Gungnir, Magic Spear of Devotion;19
Reincarnation of the Soul;19
The Time Spinning Witch;19
Fiethsing, the Magus of Holy Wind;19
Viviane;19
Regulus, the King of Volcano (Stranger);19
Desert Miner;19
Magic Stone of the Kingdom;19
Abel, Top Two of the Light Palace;19
Apollosphere, the Moon Lance;19
Machina [J-Ruler];19
Captain Hook, the Pirate;19
Riza, First of the Dead;19
Lucifer;19
Magic Stone of Dueling;19
Magic Stone of Hope;19
Shining Strike;19
Schrödinger's Call;19
Welser, the Archmage of Fire;19
Improved Burning Robot;19
Beyond the Threshold of Time;19
Absolute Awareness;19
Winds of Salvation;19
The Elegant Mikage Sisters;19
Asmodeus;19
Burning Rabbit Dash;19
Angel of False Life;19
Restoration;19
Sylvia, Minion of Lapis;19
Daily Research;19
Moojdart [J-Ruler];18
Water Sprite;18
Viviane, Lady of the Lake;18
Red Riding Hood, Rainbow to the Heavens;18
Parry;18
Shub-Niggurath, the Goddess of Fertility;18
Awakening of the Sacred Queen;18
Awakening of the Flame King;18
Red Wizard (Stranger);18
Mass-Produced Knight of the Round Table;18
Valentina, the Twilight Passion;18
Arena Expansion: Demonic World;18
Arm of the Demon;18
Alecto, Unstoppable Fury;18
Magic Stone Devotee;18
Schrödinger, the Cat in Flux;18
Blazer, Prisoner of Flame;18
Spark of Life;18
Leginus, the City of Science;18
Command of Life and Death;18
Sapling of the Treasure Tree;18
Fallen Angel of the Mark;18
Oil Pond;18
Fallen Angel in the Arena;18
Shaman of the Spirit Village;18
Spirit of the Soil;18
Sacred Tree of the Paramita of the Dead;18
Phantasmal Dormouse;18
Engineer of Eternal;18
The Palace of Three Goddesses;17
Frigg, Goddess of Abundant Harvests;17
Phantasmal Ascendant;17
Titania, Prideful Queen;17
Loki, the Ancient Demon Lord (Stranger);17
Soulstealing Valkyrie;17
Valkyrie, the Weaver of Destiny (Stranger);17
Aramaki & Togusa;17
Idol of Magic;17
Magical Loveliness;17
Avalon, Illusionary Home of Knights;17
Endless Purse;17
Shakti, Mercenary Queen;17
Underground Giant;17
Melua, Mage of Ma'at;17
Demon Beast of Hellfire;17
Ushuah, the Swordsman of Eternal Flame;17
Valentina, the Crumbling Illusion;17
Unity of the Machine Knights;17
Chelina, Sorceress of Sending Back;17
Red Riding Hood;17
Epic Stone of the Elements;17
Order of Infinity;17
Call of the Primogenitor;17
Book of Eibon;17
Magic Stone of Summer's Breeze;17
Sorrowful Necromancy's Memoria;17
Vanish;17
Lenneth, Heroic Goddess of Guidance;17
Acolyte of the Sun;17
Alhama'at's Black Lightning;17
Light Castle, Palace of Hope;17
Light of Keraunos;17
Messenger of Odin;17
Travelling Trader;17
Orb of Disaster, Ifrit Glass;17
Drop of Yggdrasil;17
Rudra, God of Rampaging Winds;17
Lilias Petal;17
Dragon Flame;17
Roskva;17
Insatiable Desire For Treasure;17
Frightened Villager;17
Contract of the Water Moon;17
Hero Reincarnation;17
Faust, the Promising Warrior (Stranger);16
Order of the Olympians;16
Excalibur, the God's Sword;16
Invitation;16
Kirik's Training Grounds;16
Ancient Knowledge;16
Kara, Swift Valkyrie;16
Little Red, Fairy Tale of Air;16
Food Supply [Alternative];16
Lightning Passion;16
Barbatos, Aspiring Ascendant;16
Black Goat;16
Lancelot, the Knight of Mad Demon;16
Dante, Seven Deadly Sins;16
Lilias Petal, Agent of Salvation;16
Wise Dragon;16
Jewel of the Panda King;16
Ryula, Alabaster Dragon Princess;16
Alabaster Dragon Knight;16
Invitation to Purgatory;16
Vala, the Bewildering Mage;16
Exceed, the Ancient Magic;16
Fountain of the Oblivion Moon;16
Valentina [J-Ruler];16
Jewel Sword;16
Mimi Tribe Chef;16
Whispers of an Angel;16
Misteltein, the Pious Sword Saint;16
Split Heaven and Earth;16
Magic Stone of Guidance;16
Black Tears;16
Demon Orderly;16
Hera, Goddess of Jealousy;16
Demonic Dead;16
Chant of Tranquility;16
Remilla, the Librarian of Magna;16
Giant Bird of Ma'at;16
Mimi Tribe Warrior;16
An Encounter with Cthulhu;16
Wolfgang, Prince of Amadeus;16
Envious Dragon;16
Laboratory of Forbidden Arts;16
Ishikawa, the Experienced Crew;16
Blazer, Minion of Lapis;16
Batou, the Motoko's Buddy;15
Rune of Sol;15
Lapis' Dark Storm;15
Rezzard [J-Ruler];15
Artillerist of Faith;15
Repeating Faith Revival;15
Avatar of the Seven Lands, Alice;15
Blade of the Seven Lands, Excalibur X;15
Black Wizard (Stranger);15
Orphica, Dancer in the White Mist;15
Faria;15
Sprinting Flame Horse;15
The Awakening of Milest;15
Agrade, Giant Pig;15
Kid Puss In Boots;15
Belial, the Evil from the Scriptures;15
Selesta's Tremendous Treasure Trove;15
Crown of the Ancient King;15
Fiethsing;15
Melgis, King of Conquest;15
Loki;15
Kaguya, Sealed God of the Moon;15
Magic Crest of Darkness;15
Wolfgang, Guide of the Demonic World;15
Mapmaker of the Demonic World;15
A Heroic Epic for the Thousandth Night;15
Togusa, the Competent Investigator;15
Skidbladnir, Magical Sailing Ship;15
Brunhild;15
I Alone Am the World-Honored One;15
Magic Stone of Dramaturgy;15
The Tears of Amadeus;15
Dark Alice, Manifestation of Rage;15
Shaela's Foresight;15
Burning Water Magic Stone;15
Guidance;15
Carlina [J-Ruler];15
Guardian Wizard;15
A Blank Page;15
Spirit of Growth;15
Graveyard Keeper of the Demonic World;15
Order of Flame;15
Spirit of Passion;15
Spirit of Calmness;15
Dark Summoning;15
Paramita of the Dead;15
Eternal, Artificial Archipelago;15
Arla [J-Ruler];14
Magna's Angel;14
Apollon, the God of Light (Stranger);14
Zweihunter, Mechanized Round Table Destroyer;14
Sefirot, the Blueprint of Life;14
Milest [J-Ruler];14
Ma'at, World of Duels and Ascendants;14
Acolyte of Shiva;14
Order of Genesis;14
Hoelle Pig;14
Gathering of the Six Sages;14
The Time Spinning Witch [J-Ruler];14
Arena Expansion: Eien no Tsuki no Miyako;14
Order of the Moon;14
Elvish Bowman;14
Bombarding;14
Cinderella, Freed from the Ashes;14
Curse of Ragnarok;14
Mikage Seijuro's Game of Dreams;14
Marching of the Dead;14
Illusionary Mermaid;14
Melgis [J-Ruler];14
Pricia [J-Ruler];14
Interdimensional Vessel, Apollo;14
Aratron, Angel of Knowledge;14
Black Heart Alice;14
Slayer of the Overlord, Pricia;14
Tisiphone, Avenging Fury;14
Imaginary Dagon;14
Red Leaf;14
Crimson Ray;14
Divine Bird of Attoractia;14
Wind Knight of Ma'at;14
Xiang Xiang's Bodyguard;14
Athenia, the Wind Master (Stranger);14
Arthur;14
Invasion of Alisaris;14
One Pair;14
Viola, Treacherous Maiden;14
Blazer, the Legendary Thief;14
The Executioner;14
Izanami, the God of Life;14
Reflect's Summoning;14
Azathoth, Hunter of Reality;14
Shiva's Encouragement;14
Branch of Yggdrasil;14
Magna;14
Adombrali;14
Flame Dragon of Altea;14
Gretel of Misty Woods;14
Belial's Rule;14
Unending Hatred;14
Castle of Astema;14
The End of Friendship;14
His Last Lecture;14
Blazer's Art of Slaughter;14
Bone Dragon;14
Starving Dragon;14
Spirit Village;14
Cradle of Fleeting Hope;14
Falchion, Solitary Scientist;14
Revenant;14
Deathspeaker Monk;14
Mikey's Enormous Task;14
March of the Machine Lord;13
Princess of Dragon Palace (Stranger);13
Gem Blade Emerald;13
Soul Prison;13
Transparent Moon;13
Ryoma Sakamoto;13
Masked Prince;13
Order of Faith;13
The Nine-Tailed Fox;13
King of Kings;13
Save the Queen;13
Dragon Call;13
Wind Sprite;13
Hastur, the Unspeakable;13
Morgiana, the Wise Servant;13
The World of Dark Alice;13
Vergilius, Chasing Darkness;13
Flame of Oblivion;13
Karura, the Crow Tengu;13
Blue Leaf;13
Tiny Reconnaissance Drake;13
Vell-Savarian Apparition;13
Protection of the Angels;13
Lucifer, Fallen Angel of Sorrow;13
Fairy Tale Moon;13
Super Mobile Fortress Camelot;13
Viola, Obsidian Dragon Princess;13
Twin-Adders Spiral;13
Magic Rebound;13
Song of the Fairies;13
Familiar of Holy Wind;13
Yggdrasil's Memoria;13
Grimm, the Legendary King of Fairy Tales;13
The Power of Zeus;13
Vell-Savaria, Field of the Final Battle;13
Tree Root Sprite;13
Fire Servant of Ragnarok;13
Yggdor, Beast of Disaster;13
Burnt Cooking;13
Bloodsucking Butler, Reiya's Attendant;13
Hino Kagutsuchino Mikoto, the Flaming God of Fate (Stranger);13
The Tales' Magic Stone;13
Black Rain;13
Miria, the Fallen Vampire;13
Moojdart, the Fantasy Stone;12
Final Forfeit;12
Yggdrasil, Malefic Verdant Tree;12
The Essence of Dragon Flame's Power;12
Excalibur, the Spirit God's Sword;12
Conjure Time Bomb;12
Spirit of Ma'at;12
Willful Samurai Spirit;12
Rebellious Soul, Ayu;12
Bedivere, the Restorer of Souls;12
Portal of Truth;12
Fictitious Fire;12
R'lyeh, World of No Lies;12
Arthur, the King of Knights (Stranger);12
Cross Counter;12
Tomoe Gozen, Merciful Aqua Twin Swords;12
Flute, Shion's Attendant;12
Darkest Fire Dragon;12
Space-Time Anomaly;12
Morrigan, the Goddess of Tragic Love (Stranger);12
Whispers from the Wind;12
Power Absorption;12
Ragnarok, Invading Dragon Lord;12
Avenger of Amadeus;12
Tiny Alabaster Drake;12
Illusory Demonic Globe, The Earth;12
Loki's Curse;12
Demon Division;12
Marybell, Insane Self-Aware Machine;12
The Truth of Time;12
Five Challenges;12
Space-Time Mage of Ma'at;12
Beatrice's Curse;12
Keeper of the Past, Urthr;12
Forbidden Summoning;12
Invitation to Valhalla;12
Messenger Familiar;12
Fayli, Genius Rip-Off Artist;12
Ratatoskr, the Spirit Beast of Yggdrasil;12
Gentle Breeze Elemental;12
Memory to Memoria;12
Moonbreeze's Memoria;12
Messenger of the Sun;12
Eir, Valkyrie of Mercy;12
Secret Duel in the Moonlight;12
Ninja of Silence;12
Charlotte, Future of the Sacred Spirit;12
Machina;12
Ultimate Shield;12
Mirage Golem (Stranger);12
Alice's World of Madness;12
Rachel, Nephilim Contract Maker;12
Sylvia, the Slave Girl;12
Amaterasu, Guide of Light;12
Mariabella's Recycling Robot;12
Charlotte, the Sleeping Girl in the Castle;12
The Final Act;12
Valentina's Reach;12
Brunhild, Ultimate Devotee;12
Genshi Tenson, God of Flame;12
Reaper Knight;12
Phoenix, the Flame of the World;12
Bats from the Dark Castle;12
Jörmungandr, Little Eater of Worlds;12
Darklord;12
Messenger of Lilias Petal;12
Rachel, Nephilim Commander;12
Melgis' War Beast;12
Spawn of Beelzebub;12
Magic Crest of Wind;12
Null Darkness;12
Double Bind;12
Residents of the Black City;12
Black Wolf;12
Nightmare Knight;12
"The Hidden History - ""Selesta""";12
Giants, Advance!;12
Call from the Depths;12
Chiffon, Spirit of Guidance;12
Spirit of Memory;12
A Fragment of Omniscient Power;12
Desperate Aid;12
Fairy Tale Rabbit;12
Pillar of Flame;12
Zero, the Magus of Null;11
Kusanagi Motoko, Boarding Tachikoma;11
Explore the Unknown;11
Light Sprite;11
Rezzard;11
Unexpected Visitor;11
Roar of the Soul;11
Duel of Truth;11
Dark Riding Hood, Messenger of Truth;11
Grimm of the Crimson Moon;11
Borma;11
Prime Minister's Office;11
Order of Chaos;11
Flame Soldier of Ma'at;11
Traveler in Wonderland;11
Shade (Stranger);11
Welser, the Progenitor of Magic;11
Hastur, Messenger of Madness;11
Fiethsing [J-Ruler];11
Water Servant of Ragnarok;11
Neo Ragnarok;11
Interdimensional Space;11
Magellanica, Mimi Tribe Giant;11
Kusanagi Motoko & Section 9;11
Angel of Zeus;11
Spirit Caller Elf;11
Biri-Biri Ball;11
Snow White's Fire Dwarves;11
The Seven Dwarves;11
Bahamut, Phantasmal Dragon;11
Call of Cthulhu;11
Fish Drive;11
Gem Blade Onyx;11
Gem Blade Sapphire;11
Dark Elf Gravekeeper;11
Princess of Fleeting Hope;11
Fetal Movement in Outer World;11
Skeleton Horde;11
Blade of Faith;11
Gloria's Castle Town;11
Justice of God's Sword;11
Jewel Shield;11
Mystery Box;11
Red Illusionary Dragon of Passion;11
Blue Illusionary Dragon of Calmness;11
Approaching the Truth;11
Spirit of Goddess;11
Knight of Hope;11
Foment of the World Tree;11
Three of a Kind;11
Chrono Researcher, Alisaris;11
Scant Vision;11
Necromancy of the Undead Lord;11
Final Breeze;11
Shoot the Mimi;11
Ouroboros, the Snake of Reincarnation;11
The Last Drop;11
Power Spike;11
Asmodeus [J-Ruler];11
Sword of the New Moon;11
Summon from Memoria;11
Fallen Angel of Hatred;11
Fallen Angel of the Paradise;11
Contract Demon;11
Arla's Blackwing Guard;11
The Floating Isle;11
Wind Stone Shot;11
Lord of the Undead;11
Wolfgang, Guide of the Demonic World [J-Ruler];11
Thor, Reincarnated God of Thunder;11
Corpse Eater Dragon;11
Blue Illusionary Hero;11
Darkness Servant of Ragnarok;11
Distortion of the Phenomenon;11
Injured Fox;11
Justice;11
Underground Fighting Arena in Narrow Valley;11
Judgment of Solari;11
Painful Blow;11
Magic Stone of Black Silence;10
Endless Starlight, the Star Sword;10
Spinning Myths;10
Circle of Trust;10
Mariabella's Work;10
Pricia, True Beastmaster;10
Midsummer's Night King, Oberon;10
Gem Blade Ruby;10
Yggnitsvay, the Guardian of Green Branch (Stranger);10
Ayu, Lunar Swordswoman;10
Lowly Spirit Bug;10
Valorous Tiger Spirit;10
Ayu's Special Power Medicine;10
Hastur, Chasing the Goats;10
Odin the Omniscient;10
Siegfried, the Dragon Knight (Stranger);10
Pricia;10
Pricia's Encouragement;10
Barust, the Machine God of Conflagration (Stranger);10
Valentina;10
Batou & Kusanagi Motoko;10
Tinker Bell, the Fairy;10
Two-Fold Chant;10
Shara, Third Daughter of the Mikage;10
Pricia, Ready for the Final Battle;10
Sha Wujing;10
Nyarlathotep, Bringer of War;10
Giga Thunderfish;10
Absolute Cake Zone;10
Jeanne d'Arc;10
Jeanne d'Arc, the Awakening Purity;10
Stoning to Death;10
Grusbalesta, the Sealing Stone;10
Sparkling Fire Magic Stone;10
Light of the Moon;10
Mu, the Hero of the Greatshield;10
Immortal Commander;10
The Night Before the Decisive Battle;10
Loki, the Witch of Chaos;10
Burial Rites;10
Seed of Rebirth;10
Bors, Returned Adventurer;10
Gnome, the Spirit of Earth;10
Moon Rabbit Spectator;10
The Blue Planet;10
The Mysteries of Moojdart;10
Rushing Boar;10
Jewel Burst;10
Butterfly Effect;10
Barbatos, the Crimson Duke (Stranger);10
True Blade of Spirits;10
Twin Blades of Hope and Despair;10
Dr. Jekyll;10
Shadow of Lapis;10
Rezzard, the Vampire Lord;10
Super Beast Burning Rush!;10
Rahab, the Emperor Dragon of Riptide (Stranger);10
Laurier, the Twilight Witch (Stranger);10
Sylvia Gill Palarilias, Infernal Dragon;10
Zero, the Flashing Mage-Warrior;10
Dance of the Shadows;10
Opening the Red Eyes;10
Dedicated Duel;10
Forbidden Arts;10
Lady Huang, the Concealed Expression;10
Beatrice;10
Tears of Corruption;10
Ayu's Little Friend;10
Lumia, Praying for the Future;10
Cheshire Cat, Phantasmal Fighter;10
Schrödinger, the Fallen Black Cat;10
Interdimensional Escape;10
Carlina's Storm;10
Confront the Unknown;10
Reiya, Spawn of the Star;10
Fierica, Honorable Thief;10
Concord of Saints and Beasts;10
Moon View Rabbit;10
Pandora, Queen of Miracles;10
Machina, King of Accursed Machines;10
Beelzebub, Lord of Flies;10
Witch's Lament;10
Interdimensional Graveyard;10
Magic Stone of Corruption;10
Knight of Sigurd;10
Fallen Angel of the Ritual;10
Zero, Apprentice Sage [J-Ruler];10
Awakening of Ambition;10
The Road to the Winged Lord;10
Belial's Favor;10
Shiva's Wind Aura;10
Spirit of the Fiery Stone;10
Aristella, Twin Prince;10
Night of the Phantom Moon;10
Phantasmal Mad Hatter;10
Sandstorm;9
Fairy of Sacred Vision;9
Grusbalesta [J-Ruler];9
Geri and Freki, Greedy Wolves;9
Yggdrasil, the World Tree;9
The Mysteries of Grusbalesta;9
Magic Stone of Light Vapors;9
Ishtar, the Great Goddess of Kindness (Stranger);9
Star Dragon;9
Ayu, Shaman Swordswoman;9
Sleepy Cat Spirit;9
Nyarlathotep, the Realized Truth;9
Guinevere, the Jealous Queen;9
Home Ministry;9
Section 9 New Headquarters;9
Unbound Princess of Time, Kaguya;9
Friend from Another World, Kaguya;9
Olivia, Thunder Empress;9
Fish of the Demonic World;9
Flaming Salamander;9
Green Wizard (Stranger);9
The Princess of Love Takes Control;9
Ice Dragon of Altea;9
Keeper of the Frozen Casket;9
Blood of the Mikage;9
The Grimoire of the Seven Luminaries;9
Merlin, the Control Unit of Sky Round;9
Cain, Top Two of the Light Palace;9
Atom Seikhart;9
Melfee, Child of Refarth;9
Sprinting Time Horse;9
Tinker Bell, the Spirit;9
Pandora, the Goddess of Light and Dark;9
Lora, the Blood Speaker;9
Bloodsucking Impulse;9
Al-Haber, the Tower of Despair;9
Genesis Creation;9
Olivia, Skysplitting Thunderbolt;9
Mikage Seijuro;9
Diamond, the One-Eyed Treasury Magician;9
Gem Minister Garnet;9
Dragon of Kunlun;9
Chiyome, the Captivating Kunoichi;9
Nostradamus;9
Sealing the Gates of Darkness;9
Ciel's Familiar, Mikay;9
Lumia's Judgment;9
Aimul, Princess of Despair;9
Invisible Terror;9
Spiritual Guidance;9
Nyarlathotep, the Return of Chaos;9
Magic Stone of the Hermit;9
Spawn of Blazer;9
Atomic Fairy;9
Protection of the Fairies;9
Hero of Courage;9
The Mysteries of Almerius;9
Hitomatano-Orochi, the Pet of Lenneth;9
Karmic Retribution;9
Saturneus, Enchanter of the Earth Star;9
Historical Magic Stone;9
Freya, Royal Palace Contraption Mage;9
Prowler of Niflheim;9
Underground Dragger;9
Underwater Robot;9
Lethal Arrow;9
Sun Wukong, Enforcer for the Future;9
Blazer, the Awakener;9
Kujata, Sacred Ox;9
Beatrice [J-Ruler];9
Ryula's Volition;9
Vell-Savarian Dragon;9
Alisaris, Avatar of Destruction;9
Disaster's Memoria;9
Bind of Gravity;9
Spawn of Umr;9
Grimm, the Pitch Black Vampire;9
Charlotte, Wielder of the Sacred Spirit;9
Creature from Chaos;9
Prideful Mage;9
Grusbalesta's Secret Technique;9
Dragon of Fire and Wind;9
Melgis, King of Black Flame;9
Leaf Steward;9
Spirits of Fire and Water;9
The Witch of Melting Ice;9
Caith Sith;9
Whispers of the Devil;9
Swordsmaster of Exploding Flame;9
Thor's Hammer;9
Brutal Majin;9
The Tune-up of Marybell;9
Accel, the White Gale Eagle;9
Black Moonlight;9
Spirit of the Star;9
Grace of the Star;9
Bloodlord;9
Raging Ogre;9
Fallen Angel of Dusk;9
Fairy Tale Resistance Force;9
The Awakening of Moojdart;9
Pricia, Dangerous Duelist;9
Justice Punch;9
Lilias, Last Descendant of Dragonoids;8
Arla;8
Sacred Beast of Artemis;8
Magic Stone of Heaven's Rift;8
Accel's Reconnaissance;8
Ares, the Knight God Emperor (Stranger);8
Keeper of the Present, Verdandi;8
Keeper of the Future, Skuld;8
Almerius [J-Ruler];8
Violet, Atomic Automaton [J-Ruler];8
Fairy of the Lost Isles;8
Kusanagi Motoko, in Relax;8
Remote Control Beast;8
Praying Valkyrie;8
Reincarnated Maiden of Flame, Pricia;8
Fairy of the Malefic Tree;8
Zero's Circle of Protection;8
Mikage Seijuro, Interdimensional Messenger;8
Relief Aid;8
Grieving Elf Spirit;8
Soaring Falcon Spirit;8
Kaguya, the Moonlit Savior;8
Red Flame;8
Valentina, the Ruler of Paradise;8
Wolfgang, Exiled Demon Prince;8
Triton, the Prince of Ocean (Stranger);8
Kusanagi Motoko, in Bodysuit;8
Fairy Tale Kingdom, Light Palace;8
Gourmand Gretel;8
Light Dress Cinderella;8
Emissary of R'lyeh;8
Astaroth, Great Duke of Hell;8
Malefic Ice Wall;8
Mercurius' Icy Spear;8
Servant of Mercurius;8
Vampire Hunter Christie;8
The Drunken Oni;8
Epic Stone of the Treasure;8
Sandworm;8
Set, the Commander of Destruction;8
Pandora, the Hope Weaving Queen;8
Dreams of Flight;8
Surtr, the Sand Giant;8
Skyscraper Giant;8
Alice, Dimensional Traveler;8
Flying Bamboo;8
Hunting Dragon;8
The Fifth Boon: Lightning Bolt, Bow;8
Vlad Tepes;8
Lich;8
Rachel's Smile;8
Silent Mermaid;8
Hunter in Black Forest;8
Tell a Fairy Tale;8
Juliet, the Hope;8
Light of Hope;8
Spiral of Despair;8
Servant of Vampire;8
Alucard, the Vampiric Noble;8
Carmilla, the Queen of Vampires;8
Black Coffin of Vampires;8
Melfee, the Successor of Sacred Wind;8
Saintly Elven Stone;8
Wolf-Haunted in Black Forest;8
Beowulf, the Blazing Wolf;8
Loup-Garou, the New Moon;8
D'Artagnan;8
Louis XIV;8
Poison Apple;8
Summoning Art of Alhazred;8
Necronomicon;8
Refarth, the Castle in Heaven;8
Pilot of Universe;8
The Milky Way;8
Black Moon;8
Stories Told in 1001 Nights;8
Will o'the Wisp;8
Purin Esaki, the Girl in Love;8
Order of Trickery;8
Lilias Petal, Kitsune King;8
Urashima Taro;8
Interdimensional Monarch, Gill Lapis;8
Wolfgang's Apocalypse;8
Reincarnation;8
Wind-Secluded Refuge;8
Table Flip;8
Fox Spirit;8
Geronimo;8
Little Angel of Armalla;8
Guardian Angel, Raphael;8
Protection of the Seraph;8
Frigg, the Goddess of Abundance (Stranger);8
Chronos, the Master of Labyrinth (Stranger);8
Donut Drone;8
Skyfall;8
Spiral of Potential and Convergence;8
Between Passion and Calmness;8
Schrödinger's Observation;8
Stagehand Doll;8
First Flight's Memoria;8
Lenneth, the Priestess of Vell-Savaria;8
Lenneth, the Priestess of Vell-Savaria [J-Ruler];8
Crossing Point;8
Aimul's Unicorn;8
Fiery Soldier of Milest;8
Naughty Child's Chastising;8
Divine Beast of Attoractia;8
Arthur, King of Machines;8
Paratrooper of Leginus;8
Valentina, Maiden of the Oceans;8
Pricia, Wild Child;8
Nature's Beauty;8
Perfect Matrix;8
Jabberwock, the Chaotic Disaster (Stranger);8
Cycle of Death;8
Jet-Black Wings;8
Spirit of Light;8
The Alabaster Dragon Princess' Rescue;8
Scheherazade, Speaker of Yet Unknown Truths;8
The Nameless Mist;8
Water Wizard;8
Jubei, the One-Eyed Swordsmaster;8
Carrier Dragon;8
Shiva, God of Destruction;8
The Mysteries of Zero;8
Berserker Chamimi;8
Alice, Girl of the Blue Planet;8
Grimm, the Rightful King;8
Reflect, the Beginning of Time;8
Jeanne d'Arc, Shadow Princess of Purity;8
True Black Ribbon;8
Shadow's Memoria;8
Child of the Forest;8
Spirit of Yggdrasil;8
Yggdrasil, the First Tree;8
Shion, the Entrancing Songstress;8
Hymnal's Memoria;8
Small Assistant, Mariabella;8
The Ro-Box;8
Maximilian;8
Dreaming Girl, Wendy;8
Bastet, Goddess of Cats;8
Silencing Spell;8
Shining Heart, Scorching Hero;8
Hoelle Pig Squadron;8
Kirik's Partner;8
Angelic Voice Mermaid;8
Princess Shaela's Attendant;8
Wave Rider Mermaid;8
Combat Wizard of Altea;8
Time-Guide Admiral, Alfred;8
Flying Cloud;8
Hansel of Misty Woods;8
Order of Nature;8
Linked Battle Robot;8
Commander of Minerva;8
Lilias Petal's Assistant;8
Tuning of Wind and Darkness;8
Unleashed Dragonoid;8
Dragonoid Jailor;8
Fiery Bird of Reincarnation;8
Cryptid of Tenacious Fire;8
Escaped Jeweler;8
Release;8
Shaela's Elite;8
Winds of Guidance;8
Spirit of Moonlit Nights;8
Carlina's Hunting;8
Linorsphairia, Vast Land Above the Clouds;8
Zeus' Grand Lightning;8
Order of Satan;8
Magic Stone of Chaos;8
Magic Stone of Tranquility;8
Asmodeus' Demon;8
Astema's Cerberus;8
Red Illusionary Hero;8
Black Rabbit;8
Alisaris, Minion of Lapis;8
Blazing Floating Castle, Refarth;8
Contract with the Fox God;8
The Library of Lykeion;8
Rainbow Shimmers;8
Embrace of Darkness;8
Summoning Art of Magna;8
Defeated Arena Fighters;8
Berserker of the Black Moon;8
Bounty Hunter of Leginus;8
Magic Stone of Despair;8
Decree of Absolution;8
Cecilia, Fire Punisher of the Solaris Order;8
Emergency Takeoff;8
Phantom of the Water Moon;8
Magic Stone of Blasting Waves;7
Artemis, the Goddess of Hunt (Stranger);7
Machina, the Mechanical Emperor;7
Laurite's Seven Disciples;7
Gill Alhama'at;7
Steam Explosion;7
Mechanical Sprite;7
Soldier of Minerva;7
Home of the Wingmen;7
Shadow Swordsmaster;7
Xiang Xiang, the Holy Prince;7
Soul Debt;7
Soul Dealer;7
Little Dread, the Fake Red Moon;7
Valentina, Plotting Lord of the Seas;7
Laevateinn, the Demon Sword;7
Rezzard, the Desecrating Vampire;7
Kai, the Resonant Knight;7
Melgis;7
Volga, the Fire King;7
Amon, the Demon Prince of Conspiracy (Stranger);7
Rapid Growth;7
Guardian of Outland (Stranger);7
El Chifón, the Pet Dragon of the Lord of the Seas;7
Lunya's Best Friend;7
Gill Lapis, Conqueror of Attoractia;7
Selesta, Treasure Hunter;7
Flame of Outer World;7
Ruined Story;7
Masked Giant of Trickery;7
Isis;7
Delphinius, Whale Hero;7
Batou & Motoko;7
Detachment;7
Aesop, the Prince's Tutor;7
Pandora, the Princess of History Chanter;7
Ancient Bauble;7
Alvarez, the Demon Castle;7
Granny by the Fireplace;7
Alice's Soldier;7
Feethsing, the Holy Wind Stone;7
Seth, the Arbiter;7
King in Yellow;7
Profitable Transactions;7
Arcana of Dawn;7
Dark Alice;7
Pricia's Call to Action;7
Survivors of Sissei;7
The Scorn of Dark Alice;7
Sky Ruler of the Demonic World;7
Crimson Sanction;7
Spear of the Valkyries;7
Fu Xi;7
Dragon Knight Commander, Siegfried;7
Sylvia's Roar;7
Ame-no-Habakiri;7
Pricia, Pursuant of Exploding Flame;7
Titania;7
Vlad Tepes [J-Ruler];7
True Successor of Certo, Volga;7
Excalibur Genesis;7
The Road to the Princess of Love;7
Light of Transmigration;7
Magna, the Creator of Regalia;7
Pricia, Beast Queen in Hiding;7
Skynet;7
Guinevere's Investigation;7
Reflect;7
Twin-Headed Dragon;7
Cleaning Doll;7
Puppet Maker;7
The Puppet's Last Days;7
Amaterasu, the Oracle of Sacred Text (Stranger);7
Lord of Vermilion;7
Traveler in the Sea of Clouds;7
Roar of Diabolos;7
Wrath of the Flame God;7
Return to the Moon Wererabbit;7
City of Mirage, Sandora;7
Ancient Barrier;7
Algernon, Mouse of Intellect;7
Millium, Successor of the Future;7
Wormhole;7
Valentina, Puppet Monarch;7
Izanami, the Sealed Terror;7
Tiger Lily, Tribal Princess;7
Gale Force Pursuer, Christie;7
Light Servant of Ragnarok;7
Alseid, the Harvester;7
Azazel, the Fallen Angel of Gloom;7
Sympathy of Fire and Water;7
Curse of the Kyuubi;7
Gill Lapis, the Pure Youth;7
Guardian of Altean Law;7
Secret Messenger of the Mikage;7
Leaf of the Malefic Tree;7
Thunder Wave;7
Mephina, Thunder Cloud Wizard;7
Advent of the Demon King;7
The Second Advent of Hope, Grimmia;7
Tsunade, Brawny Cat Ninja;7
Welser, the Progenitor of Magic [J-Ruler];7
Marine of the Twelve Sacred Knights;7
Frayla, Servant of Demon Fire;7
Atom Seikhart, the Shimmering Rabbit;7
Magic Stone of Adventure;7
Orchard of the Immortals;7
Lamorak, the Third Knight;7
Lenneth's Wish;7
Agni, the Pyre War God (Stranger);7
The Jewel of Darkness;7
Agravain, the Hard Hand;7
Hero of Darkness;7
Refrain's Getting Out;7
Priestess of the Black City;7
Gill Lapis;7
Mind Break;7
Royal Straight Flush;7
Chasing Dragon;7
Spirit of Magic;7
Gullwing, Dragon Spirit;7
Salamander, the Spirit of Fire;7
Necronomicon, Book of Outer World;7
First Regrets;7
Phantasmal March Hare;7
Muumuu, Servant of Falchion;7
Sprinting Steward;7
Shining Demon, Mephistopheles;6
Atom in the World of Duels;6
Machina, the Clockwork King;6
Alice, the Ally of Fairies;6
Magic Stone of Dark Depth;6
Randgrid;6
Rose Quartz, the Panda Queen;6
Jewel Bullet;6
Scarlet's Agony;6
Arthur Pendragon, King of the Round Table;6
Olivia, Thunder Empress [J-Ruler];6
Overlord of the Seven Lands, Valentina;6
Pricia, the Commander of the Sacred Beasts;6
Hector de Maris, the Acolyte of Mad Demon;6
World Tree Fox;6
Eureka, the Puppet Lord of the Seas;6
Freya, the Goddess of Full Moon (Stranger);6
Ishikawa, the Competent Supporter;6
Gentle Goat;6
Nightmares of R'lyeh;6
Ancient Frozen Casket;6
Castle of Oni;6
Belial's Hymn;6
Chronos' Envoy;6
Mega Thunderfish;6
Romeo, the Despair;6
Grimm, the Heroic King of Aspiration;6
Silver Bullet;6
Voice of the False God;6
Commander of Wolves;6
Count D'Artagnan;6
Gale Force;6
Archer of the Crescent Moon;6
Robe of Fire-Rat;6
Alice's Pursuit;6
Yamata-no-Orochi, the Eight Disasters;6
Milest, the Ghostly Flame Stone;6
Lumia, the Saint Lady of World Rebirth;6
Bullet of Envy;6
Yang Mage of Decrescent;6
Yin Mage of Increscent;6
Tsukuyomi, the Moon City;6
Yog-Sothoth, the Dark Myth;6
Forty Thieves;6
Rampaging Pumpkin Carriage;6
Triton, Emperor of the Seven Seas;6
Draig, the Red Dragon;6
Typhon, Asteroid Cluster;6
Magic Stance;6
Saffina, Frayla's Right Hand;6
Magic Boomerang;6
Behemoth, the Earth Eater;6
Cloning Magic;6
The Dusk Girl;6
Scarlet, the Crimson Beast;6
Winds of Vitality;6
Ruins Beneath the Sands;6
Spiral of Chaos;6
Hoelle's Martial Arts Tournament;6
Odin's Judgment;6
Chain Bind;6
Archimedes;6
Life Profiteering Priest;6
Call to Action's Memoria;6
Flash of Demon Sword;6
Blood Covered War Axe;6
Winds of Gold;6
The Road to the Beast Queen;6
Mimi Tribe Spectator;6
Yggdor, Beast of the World;6
Kaguya's Pictorial Scroll;6
High Speed Dash;6
Hoenir, the Bishop God (Stranger);6
Azazel, the Blazing Charger (Stranger);6
Precision-Guided Munition, Sky Beat;6
Buster Rifle;6
Leginus, the Mechanical City;6
The Two Dragon Princesses;6
[Variant] Enormous Effigy;6
Thor, the White Lightning (Stranger);6
Sissei, Pricia's Barrier;6
Gill Alhama'at, He Who Controls the Taboo;6
Gill Alhama'at, Treasonous Emperor;6
Vice-Leader of the Chivalrous Thieves, Blazer;6
Euryale, the Dark Eye of Blindness;6
Medusa, the Dead Eye of Petrification;6
Stheno, the Evil Eye of Temptation;6
Persephone, the Nether Empress;6
Gungnir, the True Spear;6
Gear Golem, the Magical Soldier (Stranger);6
Ushuah, the Flame Samurai Swordman (Stranger);6
Kaguya, the Tale of the Bamboo Cutter;6
Brunhild, Caller of Spirits;6
Blazing Metropolis, Vell-Savaria;6
Three Beast Warrior, Tigermi;6
Charlotte, Last Hope of Attoractia;6
Ultimate Swordsmaster, Faria;6
Rabbit of the Aqua Moon;6
Sacred Beast's Memoria;6
Bombardment;6
Weather Change: Rain;6
Leaf Magician;6
Sword of the Half Moon;6
Bethor, the Angel of Treasure;6
Earthly Flash;6
The Knight's Castle in the Sky, Sky Round;6
Moojdart's Illusionary Soldier;6
Barust, Machine Deity of Purgatory;6
Loki, Being of the End;6
Sparkling Boon of the Magic Stones;6
Time Altering Magic Stone;6
Leaf Digger;6
Ancient Impact;6
Time Reversal;6
Majin Stone;6
Voidosaurus;6
Scarlet's Testament;6
Stormy Sky;6
Dark Alice Doll;6
Mana Transmuter;6
Arrow Trap;6
Spirit of Scorched Bales;6
A Meeting in the Darkest Night;6
Shadow Doppelganger;6
Shion, the Sorrowful Songstress;6
Wanderer in the Nightmare Land;6
Puppeteer;6
Gill Lapis [J-Ruler];6
The Gate in the Center of the Demonic World;6
Epic Stone of the Star;6
"The Hidden History - ""Lilias""";6
Lilias's Strike;6
Monstrous Rush;6
Fenrir;6
Dark Pulse;6
One-Tailed Fox;6
Rush of Spirits;6
Extraction Wizard;6
Milcell, the Clairvoyant Guide;6
Cat Ninja Scout;6
Purging Flames;6
Jeanne, Light Punisher of the Solaris Order;6
Perfect Coordination;6
Lars, Swordsman of the Dusk;6
White Wolf;6
Fire Magic Stone;5
Will-o'-the-Wisp (Stranger);5
Faerur's Command;5
Machina, the Machine Lord;5
Hanzo;5
Alice, Paladin of Unwavering Hope;5
Sudden Manifestation of Power;5
Prokaryotic Being;5
Eternal Recurrence [Alternative];5
Invitation of Disaster;5
Magic Stone of Scorched Bales;5
Demon of Pride and Greed;5
Mikage Seijuro, Interdimensional Messenger [J-Ruler];5
Magic Stone of Light;5
One and Only;5
Sacred Radiant Soul;5
Soul Concentration;5
Demonic Soulstone;5
Mermaid of the Despairing Voice;5
Lunya, the Wolf Girl;5
Shantak;5
The First Lie;5
Truth Amongst Darkness;5
Zhu Que, the Sacred Beast;5
Cu Chulainn, the Hero in a Far Land (Stranger);5
Confectioner Hansel;5
Magic Sweets;5
Manifestation of Power;5
Niggurath, the Shepherd;5
Fiethsing, Six Sage of Wind;5
Heaven Bound Pheasant;5
Faerur Letoliel;5
Selesta, Treasure Hunter [J-Ruler];5
Pricia's Leap;5
Millium, Successor of the Dragon Crest;5
Student at the Institute;5
Grimm, the Fairy Tale Prince;5
Glinda, the Fairy;5
Rapunzel;5
Hades;5
Disassembly Line;5
Ishikawa & Motoko;5
Charlotte, Determined Girl;5
Portal in the Woods;5
Heavenly Flash;5
Elaine, the Fairy;5
Coral Reef Mermaid;5
Rapunzel, the Long-Haired Princess;5
Vampire's Staff;5
Aria, the Last Vampire;5
Knight of the New Moon;5
Rabbit Kick;5
Alice, the Guardian of Dimensions;5
Refarth, the Wind Castle;5
Realm of Pure Spirits;5
Almerius, the Levitating Stone;5
Cain, Treacherous Killer of the Gods;5
Ragnarok, the Divine Sword of Savior;5
Alice's Little Scout;5
Dummy Doll;5
SP;5
Machine Lab of Leginus;5
Giant Sandstorm;5
Moonlit Paradise, Lunar Heaven;5
Dark Alice [J-Ruler];5
Demon of the Black Moon, Lilith;5
Glorius, the Silver Knight;5
Bullet Ball Thunder Clap;5
Blazer Gill Rabus;5
Anubis, Administrator of the Hounds;5
Einherjar's Summons;5
Isolate;5
Dragon Shrine Maiden;5
Faria, Swordsmaster of Creation;5
Manifestation of the Sacred Spirit;5
Zero's Magic Light;5
Excalibur Reincarnation;5
Tears of the Fallen;5
Nightmoon Blossom;5
Shuren, the King of Supremacy (Stranger);5
Runic Commander Demon, Akiot;5
Laurite's Deletion Magic;5
Story Listener, Eva;5
Unanswered Mermaid Prayers;5
Speaking Stone;5
Gilgamesh, Immortal Hunter;5
Trader of Shangri-La;5
Change the World, Orb of Illusion;5
The Cheshire Cat's Assistance;5
Phoenix, the Inextinct Fire;5
Torrent of Energy;5
Rain of Tears;5
Sand Awakening;5
Sylvia Gill Palarilias;5
Moojdart, the Queen of Fantasy World;5
Almerius, the Magus of Light;5
Beast of Holy Light;5
Atom Seikhart, the Envoy of Valhalla;5
Fu Xi, King of Kunlun;5
Vlad, the Insatiable;5
Blazer Gill Rabus, the Pursuer;5
Alice's Little Guardian;5
Recollection of Dystopia;5
Shion, Liberator of Shangri-La;5
Space-Time Collapse;5
Eternal Boy, Peter Pan;5
Fiethsing's Monocle;5
Servant of the Mikage;5
Rinka, Second Daughter of the Mikage;5
Hero of Water;5
Dragon of Mt. Hoelle;5
Elia Rua, the Combat Chef;5
Hell Flame;5
Necromancer;5
Gill;5
Zero's Familiar;5
Witch's House;5
Dark Indication;5
Oborozuki;5
Plot of Water and Darkness;5
Grusbalesta, Magic Stone Researcher;5
Scheherazade, the Prophet;5
Sariel, Lord of the Moons;5
Black Hole of the Spirit World;5
Kaguya, Love of the Moon;5
Abdul Alhazred, Sinister Vizier;5
Tell a Dark Fairy Tale;5
Thunderstorm;5
The Dark March Hare;5
Firebird;5
Revival of the Clan;5
Mysterious Magic Stone;5
Light Majin;5
Majin Subjugation;5
Two-Horned Almiraj;5
Time Bound Spirit;5
Excalibur Revolution;5
Number Four, Anti-Magic;5
Minphia, Storytelling Girl;5
Mimic;5
Country of the Sun, Minerva;5
Zhuge Liang;5
Oborozuki, Caller of Gods;5
Student at the Academy;5
Anubis, the Guardian of Throne (Stranger);5
Bizarre Zombie;5
Corpse Sorcerer;5
Lilias, Last Descendant of Dragonoids [J-Ruler];5
Number Seven, Anti-Magic;5
Magna, the Creator of Regalia [J-Ruler];5
Avatar of Strangers;5
Pilgrim of the Star;5
Twinkling Dragon;5
Magical Wind Arrow;5
The Mimicking Beast;5
Spirit of Hope;5
Neverend's Roar;5
Wounded Black Dragon;5
Limbs of the Avenger;5
Spirit Searching;5
Confronting Eins;5
Kaguya, Princess of the Moon;4
Magic Stone of Deep Wood;4
The Little Explosive Match Girl;4
Voyage to the Floating Isle;4
Susanowo, the Ten-Fist Sword;4
Aramaki;4
Clockwork Soldiers;4
Odin's Intimidation;4
Soulless Soldier;4
Magical Wind Chime;4
Optional Possession;4
Unyielding Dragon Lord, Ragnarok;4
Nyarlathotep, the True False Legend;4
Crimson Girl in the Sky;4
Moon Incarnation;4
Purplemist, the Fantasy Dragon;4
Nyarlathotep, Game Master;4
Bogus Meditation;4
Gwiber, the White Dragon;4
Arla, the Hegemon of the Sky;4
Friend Calling Whistle;4
Perceval, the Seeker of Holy Grail;4
Demonflame;4
Afanc, the Phantom Beast;4
Sprinting Wolf;4
Cinderella, the Valkyrie of Glass;4
Valentina's Zealot;4
Purin Esaki, the Elite;4
Stan, a Former Army Infantry;4
Tachikoma C;4
Beverly Hills;4
Palm Springs;4
Grimm, King of Fairy Tales;4
Summoning from the Fairy Tale World;4
Charlatan's Tricks;4
Fayli, the Charlatan;4
Messenger of Altea;4
Spirit of Ice;4
Aria, Friendly Vampire;4
Great Holy Sealing Wave;4
Home of the Sages;4
Spirit of Wind;4
Torrent Elf;4
Faithful Hellhound;4
Momotaro of the Sanzu River;4
Oni Strike;4
Poison Stinger;4
The Road to the Flame King;4
Feast on Mortals;4
Door of Time;4
Wiseman of Amonsulle;4
Secluded Elven Village, Amonsulle;4
Undine, the Spirit of Water;4
Etna, the Snow Queen;4
Deadman Prince;4
Midnight Bell;4
Slipper of Cinderella;4
Resurrection of Vampire;4
Christie, the Warden of Sanctuary;4
Wiseman of Winds;4
Fina, the Silver Player;4
Jeanne d'Arc, the Maid of Orleans;4
Jeanne d'Arc, the Pious Flame;4
Gilles de Rais, the Golden Dragon;4
Moon Night Pouncer;4
Big-Bang Revolution;4
Aramis, the Three Musketeers;4
Porthos, the Three Musketeers;4
Athos, the Three Musketeers;4
Siege Warfare;4
Musketeer's Bayonet;4
Stone Bowl of Buddha;4
Jeweled Branch of Horai;4
Seven Dwarfs;4
Murderous Snowman;4
Snow White, the Avenger;4
Clockwork Apple Bomb;4
Red Hot Iron Shoes;4
Ebony Devil;4
Neithardt, the Demon Knight;4
Laplacia, the Demon of Fate;4
Mephistopheles, the Abyssal Tyrant;4
Mad Hatter;4
March Hare;4
Sleeping Rat;4
Crossroad of Worlds;4
Endless War;4
Forced Growth;4
Dragon King's Flame;4
Realm of the Dragon King;4
Redbird of Omen;4
Gliding Dragon Knight;4
Wolf in the Sky;4
Gardea, the Guardian Dragon of Heaven;4
Red Hood;4
The Queen's Butler;4
Light of Lumia;4
Jump to the Sky;4
Apostle of Cain;4
Split Heaven and Earth [Alternative];4
Apostle of Paradise;4
Abel, the Avenger of Gods;4
Cain Complex;4
Holy Warrior of Hope;4
The Little Prince;4
White Spirit;4
"""I"", the Pilot";4
Mind Reading Fox;4
Seal of Grimmia;4
Sweet Rose;4
Kaguya, the Immortal Princess;4
Dark Shining Swordsman;4
Shooting Star;4
Total Eclipse;4
Apollobreak, the Moon Blast;4
Elixir of Immortality;4
Rukh;4
Sinbad, the Windrider Merchant;4
Flying Carpet;4
Wind Dagger;4
Heavy Arms Panda;4
Shin-Shin&Rei-Rei, Acrobatic Twins;4
White Raven;4
Gem Trader;4
Jewel Protection;4
Magician of Molding;4
Tiger of Kunlun;4
Sandora Blacksmith;4
Chu-Ko-Nu Soldier;4
Reckless Flame Soldier;4
Celestial Wing Seraph;4
Blessing of the Sun;4
Barrier of Faith;4
The Villains' Magic Stone;4
Chamimi;4
Grand Mallet Warrior;4
Huge Toad;4
Jiraiya, the Toad User;4
Pygmy Hippo;4
Sanctuary Elephant;4
Soot Sprite;4
The Hundred Eyed One;4
Dark Elf Fugitive;4
Eibon, the Mage;4
Hyde, the Chaos;4
Dark Gaming Hall;4
Dimension Dragon, Nidhogg;4
Elemental Blast;4
Bunbuku, the Legendary Tea Kettle;4
Sand Soldier;4
Eruption;4
Hero's Bracelet;4
Ring of Legend;4
Fury of the Obsidian Dragon;4
Abe no Seimei;4
Achilles;4
Emperor Guangwu of Han;4
Xuanzang Sanzang;4
Hammurabi;4
Tutankhamun;4
Siegfried;4
Pachacuti;4
Sun Tzu;4
Saladin;4
King Ashoka;4
Calamity Jane;4
William Wallace;4
Musashi Miyamoto;4
Kleitos;4
Lu Bu;4
Columbus;4
Vainamoinen;4
Hanzo Hattori;4
Soji Okita;4
Marco Polo;4
Paracelsus;4
Tai Gong Wang;4
Napoleon;4
Captain Cook;4
William Tell;4
Attila;4
Genghis Khan;4
Pyotr I;4
Timur;4
Darwin;4
Wind of Gods;4
Michizane Sugawara;4
Rasputin;4
Edward, the Black Prince;4
Faust;4
Mozart;4
Dante;4
Solomon;4
Nobunaga Oda;4
Order of the Sacred Queen;4
Temple Monk;4
Sacred Knight of the South;4
Sacred Knight of the North;4
Gareth, the Dauntless Knight;4
Mordred, the Traitor;4
Ywain, Knight of Lions;4
Brutal Conqueror's Memoria;4
Hero of Compassion;4
Hero of the Sacred Spirit;4
Brad, Immortal Sage;4
Reconnaissance;4
Maintenance;4
Doll Audience;4
Scheherazade's Marionette;4
Apple Avenger;4
Valentina, the Princess of Love;4
Squire of the Ocean Lady;4
Shangri-La, the Paradise on the Ocean;4
Herald of the Undead Lord;4
Niflheim, the Realm of the Dead;4
Youkai Festival;4
The Stranger from Re-Earth;4
Flame Dragon Summoning;4
Royal Palace Guardian Mage, Freya (Stranger);4
Lich, the Saint of Death;4
Scythe of the Reaper;4
Pandora's Mark of Hope;4
Sylvia Gill Palarilias [J-Ruler];4
Dark Night Butterfly;4
Milest, the Invisible Ghostly Flame;4
Fiethsing, the Elvish Oracle;4
Shining Bamboo;4
Undeath;4
Wind Clad Elf;4
The Gate of the Silver Key;4
Alisaris, the Demon of Calamity;4
Lemuria of the Magic Boomerang;4
Ultra-Awakening;4
Mimi Tribe Explorer;4
Chamimi's Contemplation;4
Shadow Flame;4
Alice's Little Assault Force;4
Alice's Little Decoy;4
Protection of Alice;4
The Flower Prince;4
Flower Kingdom;4
Grand Cross;4
Whelp Drake;4
Sylvia's Clanmate;4
Flame Dragon Commandant;4
Caldera-Born Dragon;4
Beat of the Phoenix Wings;4
The Overlord's Invasion Party;4
Servant of Reflect;4
Familiar of Refrain;4
Spell-Weaver Elf;4
Barrier of Flame;4
Wall of Ideas;4
Beastly Attack;4
Dark Alice's Familiar;4
Dark Faria, Shadow Princess of Ebony;4
Elisabeth, Shadow Princess of Blood;4
Memory of Flame;4
Fruit of Yggdrasil;4
Musician of Shangri-La;4
Muse, Celestial of Music;4
Drill Sergeant;4
Magic Conductor's Baton;4
Shion's Hymn;4
Hades, Lord of the Dead;4
Attoractia, Dimension of the Seven Kings;4
Machina, Clever Researcher;4
Tick-Tock Automaton;4
Earthbound Wingman;4
Wing Trap;4
Covert Operative;4
Death Trap;4
Susie Evans;4
Irene Ellet;4
Martha Lipponen;4
Edy Nelson;4
Homer Peron;4
Marina Wulfstan;4
Lynn;4
Ragnite;4
Symbol of Peace;4
Clarissa Callaghan;4
Leila Peron;4
Imca;4
Amy Apple;4
Nameless Tank;4
Isara Gunther;4
"Brigitte ""Rosie"" Stark";4
Kreis Czherny;4
Welkin Gunther;4
Zaka;4
Largo Potter;4
Alicia's Lance;4
Edelweiss;4
Sniping from the Blind Spot;4
Lavinia Lane;4
Zeri;4
Alexis Hilden;4
Aliasse's Lance;4
Dirk Gassenarl;4
Radi Jaeger;4
Audrey Gassenarl;4
Baldren Gassenarl;4
Berthold Gregor;4
Selvaria's Lance;4
Imperial Tank;4
Schemes of the Empire;4
Snow White of the Crystal Apple;4
Ancient Automaton;4
Shining Trapezohedron;4
Yashamaru;4
Nightfall Bloodsucker;4
Yashahime, First Daughter of the Mikage;4
Gem Craftsman;4
Hoellesaurus;4
Mad Boar of Mt. Hoelle;4
Apprentice Cook;4
Dragon Breath;4
Magic Stone Bird;4
Aqua Rifle Mermaid;4
Cleansing Rain;4
Giant Sea Jelly;4
Peko, the Wise Dolphin;4
Stormbolt;4
The White Whale;4
Cecil Letoliel, Elven Prince;4
Elven Guide;4
Guardian of the Portal;4
Leaf Fighter;4
Ahriman, Malicious Eye in the Dark;4
Ashen Snow White;4
Empress Carmilla;4
Moonlight Shadow;4
Storytelling Bard;4
Safeguard of the Light Palace;4
Zero's Wrath;4
Demon of the Crest, Namblot;4
Dragon Knight of Altea;4
Spirit of Fire;4
Lars, Inheritor of the Sacred Spirit;4
Charlotte's Water Beast Construct;4
Fishing;4
Charlotte's Water Dragon Technique;4
Melt to Nothing;4
Bird of Paradise, Dancing in the Sky;4
Zhu Bajie;4
Fiery Chariot, Red Boy;4
The Ox King;4
Priest of Darkness, Abdul Alhazred;4
Alhazred's Zealot;4
Resonance of Madness;4
Scarecrow Guide;4
Petrification;4
Consume;4
Magic Storing Golem;4
Brunhild's Shield;4
Grimm and Pandora;4
Workshop Assistant Researcher;4
Honorable Thief Guild Member;4
Patchwork Frankenstein;4
Life Severing Blade;4
Charm;4
Gawain, the Swift Knight;4
Mechanical Bishop;4
Mechanized Knight;4
Fairy of Recurrence;4
Lumia's Purification;4
Sacred Beast of Wind;4
A Rendezvous of Light and Wind;4
Catalyst Spirit;4
Illusory Projection;4
Ghost of Attoractia;4
Illusion Wizard;4
Moojdart, Lady of Illusions;4
Deceptive Dream;4
Muul, the Town That Never Was;4
Magic Stone Life Form;4
Light Wizard;4
Faria, Paladin of the Dawn;4
Fire Wizard;4
Kaguya, Guardian of the Moon;4
Chronos, the God of Time;4
Nymph, Envoy of Water;4
The World Tree's Guardian;4
Silph, Envoy of Wind;4
Oberon, Lord of Elves;4
Darkness Wizard;4
Baleful Avatar;4
Mermaid of Lifegiving;4
Millium's Roar;4
Dragon Power;4
Ebon Dragon Emperor, Gill Alhama'at;4
Gill Alhama'at, He Who Grasps All;4
Alhama'at's Purge;4
Fiery Fox of Reincarnation;4
Burning Pot;4
Rapid Shot;4
Vengeful Attoractian Wizard;4
Searing Dead;4
Rainbow Arrow;4
Words of Scheherazade;4
Adelbert's Crossflame;4
Staff of Dragonoids;4
Flute's Awakening;4
Mariabella, the True Shot;4
Regained Heart;4
Reshuberos, the Devilish Brute;4
Ambition of Lapis;4
Lightning Waterfowl;4
Treasure Hunter Fierica;4
Jeweler's Children;4
Fierica's Expedition;4
Jewel Aura;4
The Insane Dark Hatter;4
The Dark Sleeping Dormouse;4
Alice of Light;4
Schrödinger's Box;4
Leaf Wing;4
The Mighty Leaf Elder;4
Mermaid Visionary;4
[Variant] Crier Mermaid;4
Mermaid Researcher;4
Swirling Mermaid;4
Song of Sympathy;4
Sleeping Vampire;4
Vampire Bard;4
Transforming Vampire;4
Faithful Vampire;4
Sonic Bat;4
Black Blood Knight;4
Bloodsucker Dragon;4
Ra, the Golden Bird;4
A New Radiance;4
Selection;4
Shaela's Battle;4
Ryula, the Dragon Priestess;4
The Ancient Library;4
Dark Blade's Harvest;4
Magic Light Warrior;4
Magic Warrior on the Floating Isle;4
Statue in the Sacred Temple;4
Reduction;4
Conjure Constructs;4
Portal Magus;4
Tia's White Falcon;4
Faerur Letoliel, Rallying King;4
Shade Assassin;4
Lily, the Last Flower;4
Fire Majin;4
Water Majin;4
Darkness Majin;4
Prismatic Flame;4
Lurker in the Null;4
Kurosaurus;4
The Last Audience;4
Evil Djinni;4
Ciel, Sorcerous Priestess;4
Ethereal Wind Magic Stone;4
Drifting Little Moon;4
The Witch's Minion;4
Wings of Ragnarok;4
Giant of the Sacred Spirit;4
Wind of the Star;4
A Sacrifice of Words and Memories;4
Magic Stone of Omniscience;4
Random Walk;4
Volley;4
Isis, the Hundred Weapon Master;4
Shadow of Chaos;4
Tiny Fire and Water Dragon;4
Kanna's Attendant;4
Garmheld, Half of God;4
Three Beast Warrior, Eaglemi;4
The Forgotten Sanctuary, Lost Isles;4
Ruins Beneath the Flora;4
Ninja Students;4
Onlooking Vampire;4
Lars, Knight of the Sacred Spirit;4
Fanatic of Grief;4
Fallen to Madness;4
Richesse, the Swordsman (Stranger);4
Iron Cauldron Witch;4
Hand of the Void;4
Caller of Gorgons;4
Endless Night [Alternative];4
Demon of the Black Moon;4
Vicious Scarecrow;4
Grave Robber;4
Ancient Manager;4
Abdul Alhazred, The Possessed;4
Lilias's Mentor;4
Water Spirit of the Lamp;4
Isolated Demon of Revenge;4
"The Hidden History - ""Mikage""";4
Heroic Spirit of Vell-Savaria;4
Black Spot Tiger;4
Hoelle Chicken;4
Twin Dragon Claw;4
A Duet of Water;4
Trish, Spirit of Autumn Wind;4
Belial's Messenger;4
Cradle of Biting Frost;4
Cradle of Crippling Despair;4
Lightning Shield;4
Falling from Fate;4
The Release of the Fairy Tales;4
Buggy;4
Kiki's Exploration;4
Foresee [Alternative];4
Tiny Dragon of Ma'at;4
Pale Savior;4
Haggith, Angel of Alchemy;4
Angler Panda;4
200 IQ;4
Viga, Steadfast Steward;4
Berserker;4
Solari, Religious Nation;4
World Tree Protector;4
Justice Hurricane;4
Wolf's Rain;4
Tiger Charge;4
The Betrayer Returns;4
Knight of the Solstice;4
Crescent Moon Magician;4
Amphisbaena, the Two-Headed Dragon (Stranger);3
Hanzo, Chief of the Kouga;3
Massive Growth;3
Song of the Fairy King;3
Wasp-Type Drone;3
Choir of the Valkyries;3
Power Gem Warrior;3
Technique Gem Warrior;3
Treasure Knight Panda;3
Ayu's Pictorial Scroll;3
The End of Possession;3
Separation of Body and Soul;3
Small Flatterer;3
Requiem of the Soul;3
Duplication Mirror;3
Spider's Web;3
Little Red Riding Hood;3
Black Moon's Memoria;3
Bai Hu, the Sacred Beast;3
Xuan Wu, the Sacred Beast;3
Qing Long, the Sacred Beast;3
Melgis, the One Charmed by the Demon Sword;3
Gawain, the Knight of the Sun;3
Ally of the Black Moon;3
Shakespeare;3
Millium, the Sacred Dragon;3
Earthfallen Giant;3
Conqueror of the Black Moon, Gill Lapis;3
Gill Lapis, the Primogenitor;3
Explosion;3
Dragon's Flight;3
Healing Wing Dragon;3
Batou;3
Perpetual Student at the Academy;3
Rachel, Alhama'at's Advisor;3
Fairy of Neverland;3
Pandora, Girl of the Box;3
Pandora's Box of Hope;3
Alucard, the Dark Noble;3
Inquisition;3
Purifying Fire;3
Seer of the Blue Moon;3
Cowrie of Swallows;3
Heavenly Feathered Robe;3
Abdul Alhazred, the Harbinger of Despair;3
Elder Things;3
Seeking Sky Soldier;3
Lumiel, the Tower of Hope;3
Jabal, the Grandsire of Nomads;3
Jubal, the Grandsire of Musicians;3
Speaker of Creation;3
Moon Princess of Stellar Wars;3
Glimpse of Kaguya;3
The Hound of Tindalos;3
Blood Boil;3
Gem Beast;3
Kaguya, Tears of the Moon;3
Sniper Robot;3
The Unsealing of God;3
Chamimi, Guardian of the Sacred Bow;3
Fuhma Shuriken;3
Sealing Scroll;3
Hilda, Frayla's Left Hand;3
Molmol, King of Rare Beasts;3
Leaf Fairy;3
Blazer Gill Rabus [J-Ruler];3
Scalding Breath;3
The Three Kingdoms Partition Plan;3
Witch's Dagger;3
Last People of Gloria;3
Certo, the Blazing Volcano;3
Sanguine Arena;3
Protective Barrier;3
Brad, Immortal Sage [J-Ruler];3
Eia, God of Water;3
Jewel Shell;3
World Flame Summoning;3
Speaker of Eternal Night;3
Scheherazade of the Catastrophic Nights;3
Patrolling Guard Doll;3
Sacred Knight of Atonement;3
Manservant to the Water God;3
Alhama'at's Ultra Magic Stone;3
Refrain;3
Umr at-Tawil;3
Craving;3
Miasma of the Abyss;3
Chaining Hatred;3
Relief through Destruction;3
Grusbalesta, the Keeper of Magic Stones;3
Dispel;3
Flame Soldier Formation;3
Acolyte of the Abyss;3
Magellanica, the Ball Warrior;3
Book of Light;3
Clockwork Scout Plane;3
Alice's Little Supply Force;3
September Hare;3
Insomniac Dormouse;3
Snow White, the Valkyrie of Passion;3
Sane Hatter;3
Viviane, the Envoy of Rebirth;3
The Overlord's Baptism;3
Dark Rezzard, the Dying Shadow;3
Moonbreeze Rabbit;3
Kaguya, Rabbit Princess of the Lunar Halo;3
Torching the Timeline;3
Artificial Moon;3
Remnants of Niflheim;3
Eyes in the Darkness;3
The Beast Queen's Guardian;3
Ambush!;3
Gusurg;3
Rene Randall;3
Magari;3
Destructive Assault;3
Power of Unity;3
Jack, Climbing the Beanstalk;3
Millium's Weapon;3
Bastet's Fascination;3
Guide to the Ancient Ice Wall;3
Burning Awakening;3
Charlotte, the Mage of Sacred Spirit;3
Loki's Watchdog, Fenrir;3
Kai, the Frozen Heart;3
Dr. Mermaid;3
The Showdown with Ragnarok;3
Leviathan;3
Android Harlot;3
Reginleif, Inheritor of God's Will;3
A Glimpse of the Prodigy;3
Ziz;3
Shemhaza, the Fallen Angel of Sadism;3
Priest of Divine Protection;3
Meeting of Light and Fire;3
Arthur, Paladin King of the Round Table;3
Helsing, Hunter of the Undead;3
Alhama'at's Mage Knight;3
Shield of the Nephilim;3
Erasure;3
Gill Lapis, Rebel of Darkest Fires;3
Glistening Chick;3
Millennia Bond;3
Mikage Seijuro, Patriarch of the Vampires;3
Yamata-no-Orochi, the Resurrected Calamity;3
Pialle's Cook, Sylvia;3
Leaf Knight;3
Holy Prince's Nanny, Citrin;3
Dragon Aura;3
Alternating Current Crystal;3
Summon Magic Warriors;3
Secluded Village Elf;3
Trap Master Lemuria;3
Cecil and Tia;3
Tia Letoliel, Archer Princess of Elves;3
Dark Elf Spy;3
Frayla's Devotee;3
Welser, the Archmage;3
Welser, King of Demons;3
Magic Crest of Fire;3
Panda Medium;3
Black Wing Dinosaur;3
Dino-Rider;3
Look of Despair;3
Scarlet's Vision;3
Whirling Winds;3
Demon in the Moonlight;3
Time Dilation;3
Life or Death Struggle;3
Patric Huge;3
Sanji Yaguchi;3
Arcana Collector;3
River Snake;3
Forbidden Spell of the Undead Lord;3
Holy Knight Burial Grounds;3
Kanna, Descendent of the Oracle;3
Schrödinger, the Harlequin of Phenomena;3
The Six Jizo Statues;3
Rikyu, Cat Tongued Tea Master;3
Bottomless Chasm of Death, the Abyss;3
Diabolos, Sealed God of Madness;3
Ruins of Neverending Rain, Rainruins;3
Dark Fire;3
Fafnir (Stranger);3
Magician of Vell-Savaria;3
Time Traveling Emissary;3
Sewing Zombie;3
Attack Stance;3
Elixir, Crest Researcher;3
Water Mage of Ma'at;3
Eternal Recurrence;3
Flying Dragon of Mt. Hoelle;3
Combat Loving Dragonoid;3
The Awakening of Almerius;3
An Ancestor's Portrait;3
Awakening of the Magic Stones;3
Hamelin, the Sound of Temptation;3
Seabed Investigation;3
Meditation;3
End of Night;3
Gatherer of Despair;3
Skuld, Valkyrie of the Future;3
Illusionary Snow;3
Kukunochi, the Shikigami;3
Soul Spirit;3
Silence of a Dark Night;3
Captain of the Heresy Hunt;3
Magic Stone of Gusting Skies;2
Whirlwind Technique;2
Odin, God of War;2
Light Magic Stone;2
Darkness Magic Stone;2
Return of the Soul;2
Thunder [Alternative];2
Faria, the Ruler of God Sword;2
Herald of the Beast Lady;2
Gated Town;2
Millium, Prince of the Light Palace;2
Mercurius, Wizard of the Water Star;2
Pitch Black Moon;2
Giant of Mist;2
Hamelin's Pied Piper;2
Burgeoning Despair;2
Julius Caesar;2
Alice's Castling;2
Strange Miracle;2
Pandora of Dark;2
Magic Stone of Darkness;2
Dracula, the Demonic One;2
Elvish Exorcist;2
Crucifix;2
Charles VII;2
Little Red, the Wolf Girl;2
Magic Stone of Flame;2
Clothes Tailor;2
Servant of Kaguya;2
Swordsman of the Full Moon;2
Jewels on Dragon's Neck;2
Pale Moon;2
Ebony Prophet;2
Fthaggua, the Flame Spirit;2
Mad Tea-Party;2
Little Red, the True Fairy Tale;2
Survivor of Heaven Castle;2
Grimm, the Avenger of Fairy Tales;2
Guardian of Tower;2
Sacred Scepter of Exorcism;2
Glyph of Unkill;2
Eden, the Crimson Garden;2
Book of Genesis;2
Giovanni, the Lonely Child;2
Ritual of Millennia;2
Fallen Comet;2
Acolyte of Darkness;2
Byakhee, the Winged Lady;2
Black Miasma;2
Yellow Sign;2
Liberator of Wind;2
Scheherazade, the Teller of 1001 Stories;2
Ali Baba, The Earnest Worker;2
Open Sesame;2
Aladdin's Lamp;2
Panda Acrobat;2
Kaguya, Millennium Princess;2
Sand Dragon;2
Whirlwind Conflagration;2
Dragon Dance;2
Arla, Guardian of the Skies;2
Fallen Angelic Destroyer, Lucifer;2
Heavenly Garden of Armalla;2
Moonlight Nocturne;2
Elephant Rush!!;2
Forest Meditation;2
Rapid Fire Mi-!!;2
Leaf Elder;2
Leaf Elder [J-Ruler];2
Duet of Light;2
Whirlpool of Knowledge;2
Galahad, the Son of the God;2
Tristan, the Knight of Sorrow;2
Faria, Chosen Girl;2
Fear of Battle;2
Flame King's Shout;2
Arla, the Winged Lord;2
Give Wings;2
Invigoration of the Winged Lord;2
Jewel Step;2
Fallen Angel;2
Laurite's Wind;2
Story Speaker, Eve;2
Moonglow Bird;2
Glorius, Masked Crusader;2
Pricia, Friend to the Animals;2
Pricia, Champion of Yggdrasil;2
Sissei, the Ancient Forest;2
Sprint of the Beast Lady;2
Rezzard, the Undead Lord;2
Thick Fog;2
Sandora's Invasion;2
Diverse Evolution;2
Ruined Earth;2
Mind Like Still Water;2
Three Beast Conference;2
Astema, the Fallen Angel of Desolation (Stranger);2
Michael, the Archangel (Stranger);2
Specter Rush;2
Eternal Vampire, Mikage Seijuro;2
Invading Demon of Water, Valentina;2
Valentina, Released Terror;2
Swordsman of Fire;2
Dimension Brigade's Leader, Adelbert;2
House of the Old Man;2
Faerur Letoliel, King of Wind;2
Turn Tail;2
Akashic Records of Eternal Flame;2
Guide to the Center of the Demonic World;2
Putrefy;2
Gill, the Gifted Conjurer;2
Mimi Tribe Logger;2
Re-Earth, New World Fairy Tale;2
Mass Produced Giant Land Mine;2
Winding Mender;2
Deployable Defense Device;2
Power Supply Team;2
Magic Screw;2
Phantom of Primogenitor;2
Alice, the Saint of Healing;2
Thumbelina;2
War Dance of the Valkyries;2
Invasion Ship, Golden Hind;2
Reflect, Child of Potential;2
Dark Alice, Maiden of Slaughter;2
Shadow Assassin;2
Unseen Pressure;2
Lunar Ibis;2
Angel of Wisdom, Cherudim;2
Holy Moon of Pure Nights;2
Kaguya's Premonition;2
Rabbit Trap;2
Ring of Fate;2
Rhythm of Life;2
Songstress of Shangri-La;2
Coup d'Etat Mastermind, Shion;2
Set Free;2
Machine Sympathizer;2
Engineer of Leginus;2
Remote Control Golem;2
Holy Ground of the Four Sacred Beasts;2
Jann Walker;2
Flak Jacket;2
Carisa Contzen;2
Margit Ravelli;2
Kurt Irving;2
Frederica Lipps;2
Riela's Lance;2
Courageous Stand;2
Large Explosion;2
Eleanor Varrot;2
The Carefree Three;2
Marion Siegbahn;2
Cosette Coalhearth;2
Avan Hardins;2
Bulletproof Barrier;2
Ragnide Gas;2
Hammer of the Valkyrur;2
Rising from the Depths;2
Fiethsing, the Fate Spinning Winds;2
Kumomaru;2
Death at Midnight;2
Heart Stirring Sage;2
Reiya, Fourth Daughter of the Mikage;2
Reiya, Fourth Daughter of the Mikage [J-Ruler];2
Zero, Six Sage of Light;2
Umr at-Tawil, Master of 1000 Keys;2
Yog-Sothoth, the Chaos of 1000 Doors;2
Gherta, the Tear of Passion;2
Monstrosify;2
Batou & Togusa;2
Kara, Valkyrie of the Red Lance;2
Blessed Knight;2
White Horn Kaichi;2
Glorius' Summoned Soldier;2
Sacred Komainu;2
Sol, Hierophant of the Helio Star;2
Demonic Instigator;2
Knight Lord of Godspeed;2
Shimazu Yoshihiro, Feudal Flame Lord;2
Barbatos, World's Greatest Eccentric;2
Salamander, Envoy of Fire;2
Karmic Governor, Laplace;2
Dracula, King of the Undead;2
Dark Purge;2
End of Days;2
Kaguya's Decision;2
Research!;2
Tiny Aggressive Dragon;2
Scheherazade, the Teller of the Crimson Moon;2
Book of Dark;2
Luna's Attendant;2
Bahamut, the Dragonoid;2
Black Star, Blazer Thieves Gang Leader;2
Ferocious Attack;2
Leaf Reflector;2
Leaf Healer;2
Leaf Golem;2
Diver Panda;2
Home of the Ultra Dragon;2
Kaiser Phoenix;2
Shaela's Return;2
Shaela's Adventure;2
Viola, the Dragon Priestess;2
Dark Riding Hood;2
Enraged Knight;2
Kaim, Demon of Vice;2
Magic Warrior on the Coast;2
Ultimate Magic Warrior, Gear Atmos;2
Sacred Temple of Light;2
Pandora's Order;2
Crippling Light;2
Dark Elf Sorcerer;2
Gate to Outer World;2
Tactics of the Dark Elves;2
Dark Revolution;2
Devil's Advocate;2
Fires of the Demon King;2
Wind Majin;2
Elixir's Fighting Spirit;2
[Variant] Wings of Ragnarok;2
Treachery;2
Hollow Flame Shadow;2
Null Illusion;2
Dark Impact;2
Aura of Hope;2
Phase Shift;2
Magic Soldier of Time;2
Spirit of Time;2
Moonlit Canopy;2
Batou & Ishikawa;2
Saito, the Sniper;2
Merlin, the Wizard of Distress;2
March Hare of Valhalla;2
Alice, Otherworldly Visitor;2
Delphinius, Flying Giant Beast in the Sky;2
Snow of Linorsphairia;2
Mysterious Welcome Party;2
Ares, Knight God Emperor of the Burial Grounds;2
Asakna Training Grounds;2
The Sage's Afternoon Nap;2
Three Beast Warrior, Molemi;2
The Village of the Spirited Away, Kouga;2
Barrier Castle;2
Corpse Demon;2
Amon, Conspirer of Atrocities;2
Darkest Fire Small Dragon;2
Exorcist of Certo;2
Blood Ritual;2
Bloodied Winds;2
Dread Touch;2
Invisible Flame;2
Onslaught;2
Roundhouse Kick;2
Reflect's Rushing In;2
Zain, the Warrior of Condemnation (Stranger);2
Forest Bear;2
Milest, the First Flame;2
Disgraced Knight;2
Veteran Warrior of Valhalla;2
Oborozuki, Star Sword Visionary;2
Oborozuki, Star Sword Visionary [J-Ruler];2
"The Hidden History - ""Oborozuki""";2
Starlit Canopy;2
Order of War;2
Neo-Berserk Dragon;2
Annihilation Dragon;2
Fast Food;2
Down the Drain;2
Cook at the Academy;2
Giant of Light;2
Oil Demon;2
Three-Eyed Fortune Teller;2
Hero of Wind;2
A Present from Machina;2
Vafthruthnir, Giant Wiseman;2
Eyes of the Avenger;2
Heart of the Avenger;2
Loki's Strategy;2
Karmic Reversal;2
Eruptiphant;2
World Tree Spider;2
Dispersal;2
Loamy Soil;2
Magic Stone of Water;2
Blessed Holy Wolf;2
Disappearing Power;2
Mika, Saint of the Solaris Order;2
Alice of Shadow;2
Viola, Vengeful Ebon Dragon;2
Longinus, the Holy Lance;2
Charge of the Fairy Tale King;2
Gathering of Fairies;1
Wind Magic Stone;1
Taegrus Pearlshine;1
Taegrus Pearlshine, Lord of the Mountain;1
Hunter of Souls;1
One Who Gazes at the Soul;1
Lunya, the Liar Girl;1
Kirik Rerik;1
Kirik Rerik, the Draconic Warrior;1
Guinevere, Space-Time Watcher;1
Charm of the Princess;1
The Three Evil Little Pigs;1
Liz, Sealed God of the Island;1
Shaela;1
Shaela, the Mermaid Princess;1
Pandora of Light;1
Christie, the Wind Tracker;1
Helsing, the Vampire Hunter;1
Magic Stone of Wind;1
Law of Silence;1
Nameless Girl;1
Jeanne d'Arc, the Flame of Hatred;1
Breath of the God;1
March of Saints;1
Puss in Boots;1
D'Artagnan, the Bayoneteer;1
Snow White;1
Bloody Snow White;1
Demon's Curse;1
Alice in Wonderland;1
Alice, the Drifter in the World;1
Dreams of Wonderland;1
Falltgold, the Dragoon;1
Bahamut, the Dragon King;1
Rapid Decay;1
Kusanagi Sword;1
Evolution of Limits;1
Sacred Princess of Guidance;1
Lumia, the Creator of Hope;1
Apostle of Creation;1
Cain, the Traitor of Gods;1
Crime and Punishment;1
Savior of Splendor;1
Pandora, the Weaver of Myth;1
Grimmia, the Savior of Myth;1
Fiend of Dark Pyre;1
Nyarlathotep, the Faceless God;1
Sheharyar, the Distrust King;1
Art of Sinbad;1
The Three Wise Men;1
Soldier Ambush;1
Flame Enchant;1
Concealed Khopesh;1
Memoria of the Seven Lands;1
Magus of Dawn;1
Raft Downstream;1
Shadow Step;1
Snipe Away Mi-!!;1
Spirited Away;1
Moon in the Mist;1
The Black Treasure Box;1
Magic Impact;1
Hannibal Barca;1
Hannibal Barca [J-Ruler];1
Pride of Knights;1
Silver Stake;1
Alexander;1
Alexander [J-Ruler];1
Banzai Attack;1
Julius Caesar [J-Ruler];1
Aqua Magic -Tempest-;1
Minamoto no Yoshitsune;1
Minamoto no Yoshitsune [J-Ruler];1
Silver Shoes;1
Tunnel Vision;1
Binding Chain;1
Faria, the Sacred Queen;1
Melgis, the Flame King;1
Melgis, Conqueror of Flame;1
Bloodfire Dragon;1
Flame Soldier of Volga;1
Napping Lion;1
Dragoon of Certo;1
Herald of the Winged Lord;1
Anti-Matter Cannon, Excalibur;1
Disaster at Sasaru Palace;1
Heat Gaze;1
Scorching Winds;1
In a Single Stroke;1
The Battle of Sun and Moon;1
All Under Heaven Shall Perish;1
Teleport;1
Shower of Light Blades;1
Contract Forged in Sand;1
Ocean Beam;1
Soldiers of the New Round Table;1
Kukunochi's Dance;1
Shikigami Summoning;1
Berserk Dragon (Stranger);1
Vitality Drain;1
Almerius, Summoner of Spirits;1
Mini Meteor;1
Wind Blade;1
Special Armor;1
Endless Night;1
Alice, the Girl in the Looking Glass;1
Alice, the Valkyrie of Fairy Tales;1
Nimue, the Fairy;1
Burn to Cinders;1
Laying the Foundation;1
Refrain, Child of Convergence;1
Girl in Twilight Garb;1
Dark Arla, the Shadow Wing;1
Dark Machina, Gliding Shadow;1
Dark Melgis, the Shadow Flame;1
Rabbit of Moonlit Nights;1
Dance of Inspiration;1
Ziz, the Bird that Envelopes the Sky;1
Leviathan, the First of the Sea;1
Collapsing World;1
Rezzard, Dark Necromancer;1
Hraesvelgr, Drinker of Death;1
Vedfolnir, Eraser of Wind;1
The Beast Queen's Counterattack;1
Alicia Melchiott [Light];1
Alicia Gunther;1
Riela Marcellis;1
Riela Marcellis [J-Ruler];1
Alfons Auclair;1
Alicia Melchiott [Water];1
Alicia Melchiott [Water/J-Ruler];1
Aliasse;1
Aliasse [J-Ruler];1
Selvaria Bles;1
Selvaria Bles [J-Ruler];1
Millium, Voice of a New Generation;1
Mercurius, Dark Commander of Ice;1
Altea, Nation of Dark Magics;1
Fiethsing, Master Magus of Holy Wind;1
Zero, Master of the Magic Saber;1
Mars, Fortuneteller of the Fire Star;1
Mars, Dark Commander of Fire;1
The Monkey King Born from Stone;1
Great Sky Sage, Sun Wukong;1
Introspective Jutsu;1
Checkmate;1
Mordred, the Operator;1
Perceval, the Shining Knight;1
Faria, Ruler of Divine Beasts;1
Sol, Dark Commander of Steam;1
Guardian of Light Magic Stones;1
Avatar of Light Magic Stones;1
The Final Word;1
Guardian of Fire Magic Stones;1
Avatar of Fire Magic Stones;1
Guardian of Water Magic Stones;1
Avatar of Water Magic Stones;1
Guardian of Wind Magic Stones;1
Avatar of Wind Magic Stones;1
Guardian of Darkness Magic Stones;1
Avatar of Darkness Magic Stones;1
Flute, Time Altering Priestess;1
Lapistory, Subjugation Fairy Tale;1
Ahriman, the Wicked Spirit Eye;1
The Mikage Sisters;1
Luna, Magician of the Moon Star;1
Treasure Hunter Fierica [J-Ruler];1
Martial Artist Pialle Eille;1
Martial Artist Pialle Eille [J-Ruler];1
Mephina, Mermaid Shaman;1
Mephina, Mermaid Shaman [J-Ruler];1
Bloodsucking Butler;1
Bloodsucking Butler [J-Ruler];1
Ultra Dragon Flame Sphere;1
The Coral Palace;1
Overflowing Knowledge;1
Pandora;1
Pandora, Guardian of the Sacred Temple;1
Faerur's Escort;1
[Variant] Faerur's Escort;1
Frayla;1
Frayla, the Revolutionist;1
Lava Majin;1
Magic Majin Warrior;1
Corrupted Dragonoid;1
Elixir, the Majin;1
Magic Crest of Water;1
Magic Crest of Light;1
Spirit of Mt. Hoelle;1
Time Composing Elf;1
Lonely Moon Wererabbit;1
White Sacred Beast;1
Lunar Prophet;1
Demonic Rabbit;1
Knight of the Black Moon;1
Wererabbit of the Null Moon;1
Giant Rabbit;1
Idol of Willpower;1
Idol of Vitality;1
Crystal on the Floating Isle;1
Confinement;1
Flood;1
Witch's Shadow;1
Intervention of Reality;1
Ciel, Ancestor of the Priestess;1
Phantom Wind Fiethsing;1
Grimmia's Fairy;1
Fairy of the Holy Tree;1
A Mother's Love;1
Lightning Speed Crash;1
Ciel's Wind Blast;1
Sword of Lament;1
Faithless Summoner;1
Emperor of Millennia;1
Arthur, the Dead Lord of Vengeance;1
Land of Fiery Ambition, Kunlun;1
Fenrir, Second Form;1
Holy Nova;1
Favorable Winds;1
Vell-Savaria, the God's City;1
Gem Boat Alexandrite;1
Pitch Black Minion;1
Possessor Princess of Love, Valentina;1
Orpheus, the Immortal Player;1
Diseased Rat;1
Laurier's Experiment;1
Mount Immortal;1
Appraisal of Treasures;1
Sigrun, Valkyrie of Victory;1
Nameless Knight;1
Pricia, the Beast Lady;1
Tsuiya's Darkness;1
Hero of Might;1
Glowing Tree of Valhalla;1
Escape from Crisis;1
Communication Robot;1
Hansel and Gretel;1
Atomic Reactor;1
Atomic Fusion;1
Pointy Hat's Camouflage;1
Prideful Mermaid;1
Death Sentence from the Queen;1
Destructive Flow;1
Order of the Game;1
Antorite, Sealed God of the Riverbed;1
Lethargy;1
Magical Tidal Surge;1
Skeleton Knight;1
Brunhild's Wrath;1
Mystia, Manager of the Treasury;1
Sword of Fate;1
The Three Sisters of Time;1
Valentina's Resistance;1
Send Back;1
Huginn and Muninn;1
Magic Bird;1
Izanagi, Keeper of the Seal;1
Light Palace, the King's Castle;1
Mad Hatter of Misty Woods;1
Holy Grail;1
Ayu, the Mysterious Wanderer;1
Dragonoid Rogue;1
Fairy Tale King;1
Excalibur Chronogear;1
